scenario_id,scenario_name,work_role,work_role_name,category,covered_techniques,total_techniques,technique_coverage,covered_tasks,total_candidate_tasks,task_coverage,mean_mapping_score,max_mapping_score,mean_technique_similarity,mean_tactic_similarity,mean_mitigation_similarity,semantic_evidence,role_score,role_score_norm,score_column_used
DATA_EXFILTRATION,Data Exfiltration,IN-WRL-001,"Responsible for investigating cyberspace intrusion incidents and crimes. Applies tactics, techniques, and procedures for a full range of investigative tools and processes and appropriately balances the benefits of prosecution versus intelligence gathering.",IN,14,15,0.9333333333333333,4,56,0.07142857142857142,0.4040071428571429,0.4844,0.390265,0.36701,0.35270769230769233,0.37707333333333337,0.7108293333333333,1.0,similarity_score
DATA_EXFILTRATION,Data Exfiltration,PD-WRL-001,Responsible for analyzing data collected from various cybersecurity defense tools to mitigate risks.,PD,12,15,0.8,3,56,0.05357142857142857,0.374525,0.4552,0.38138666666666665,0.31233333333333335,0.3095090909090909,0.29962,0.5998479999999999,0.8438706337386188,similarity_score
DATA_EXFILTRATION,Data Exfiltration,IN-WRL-002,"Responsible for identifying, collecting, examining, and preserving digital evidence using controlled and documented analytical and investigative techniques.",IN,11,15,0.7333333333333333,11,56,0.19642857142857142,0.38043636363636363,0.4796,0.37045555555555554,0.27350740740740737,0.2797904761904762,0.27898666666666666,0.5515946666666667,0.7759874850409475,similarity_score
DATA_EXFILTRATION,Data Exfiltration,PD-WRL-002,Responsible for analyzing digital evidence from computer security incidents to derive useful information in support of system and network vulnerability mitigation.,PD,11,15,0.7333333333333333,10,56,0.17857142857142858,0.37304545454545457,0.4457,0.37738636363636363,0.2657545454545454,0.2552888888888889,0.2735666666666667,0.5494266666666666,0.7729375264948736,similarity_score
DATA_EXFILTRATION,Data Exfiltration,PD-WRL-003,"Responsible for investigating, analyzing, and responding to network cybersecurity incidents.",PD,11,15,0.7333333333333333,4,56,0.07142857142857142,0.36321818181818183,0.4316,0.36162142857142854,0.3279642857142857,0.3152333333333333,0.26636,0.5465439999999999,0.7688821695596879,similarity_score
DATA_EXFILTRATION,Data Exfiltration,PD-WRL-005,Responsible for identifying and assessing the capabilities and activities of cybersecurity insider threats; produces findings to help initialize and support law enforcement and counterintelligence activities and investigations.,PD,11,15,0.7333333333333333,5,56,0.08928571428571429,0.36258181818181817,0.4316,0.35779375,0.3185625,0.30072499999999996,0.2658933333333333,0.5463573333333333,0.7686195655028304,similarity_score
DATA_EXFILTRATION,Data Exfiltration,OG-WRL-001,Responsible for managing the Communications Security (COMSEC) resources of an organization.,OG,10,15,0.6666666666666666,3,56,0.05357142857142857,0.3598,0.4207,0.36100714285714286,0.37297857142857144,0.35512727272727274,0.23986666666666664,0.49594666666666665,0.6977014642051913,similarity_score
DATA_EXFILTRATION,Data Exfiltration,OG-WRL-014,"Responsible for managing the cybersecurity of a program, organization, system, or enclave.",OG,9,15,0.6,2,56,0.03571428571428571,0.38916666666666666,0.4377,0.3843272727272727,0.3325727272727273,0.38745555555555555,0.23349999999999999,0.45339999999999997,0.6378464966743072,similarity_score
DATA_EXFILTRATION,Data Exfiltration,DD-WRL-009,"Responsible for working within the engineering department to design and create systems, processes, and procedures that maintain the safety, reliability, controllability and security of industrial systems in the face of intentional and incidental cyber events. Interfaces with Chief Information Security Officer, plant managers and industrial cybersecurity technicians.",DD,7,15,0.4666666666666667,5,56,0.08928571428571429,0.36012857142857146,0.4198,0.3602,0.32255555555555554,0.3531875,0.16806000000000001,0.347224,0.4884773091337442,similarity_score
DATA_EXFILTRATION,Data Exfiltration,OG-WRL-002,"Responsible for developing and maintaining cybersecurity plans, strategy, and policy to support and align with organizational cybersecurity initiatives and regulatory compliance.",OG,7,15,0.4666666666666667,2,56,0.03571428571428571,0.35965714285714284,0.411,0.3655222222222222,0.3858888888888889,0.3935857142857143,0.16784,0.347136,0.4883535100783686,similarity_score
DATA_EXFILTRATION,Data Exfiltration,OG-WRL-003,"Responsible for developing cybersecurity workforce plans, assessments, strategies, and guidance, including cybersecurity-related staff training, education, and hiring processes. Makes adjustments in response to or in anticipation of changes to cybersecurity-related policy, technology, and staffing needs and requirements.Authors mandated workforce planning strategies to maintain compliance with legislation, regulation, and policy.",OG,7,15,0.4666666666666667,2,56,0.03571428571428571,0.35965714285714284,0.411,0.3655222222222222,0.3858888888888889,0.3935857142857143,0.16784,0.347136,0.4883535100783686,similarity_score
DATA_EXFILTRATION,Data Exfiltration,OG-WRL-009,"Responsible for planning, estimating costs, budgeting, developing, implementing, and managing product support strategies in order to field and maintain the readiness and operational capability of systems and components.",OG,7,15,0.4666666666666667,2,56,0.03571428571428571,0.35965714285714284,0.411,0.3655222222222222,0.3858888888888889,0.3935857142857143,0.16784,0.347136,0.4883535100783686,similarity_score
DATA_EXFILTRATION,Data Exfiltration,OG-WRL-010,"Responsible for leading, coordinating, and the overall success of a defined program. Includes communicating about the program and ensuring alignment with agency or organizational priorities.",OG,7,15,0.4666666666666667,2,56,0.03571428571428571,0.35965714285714284,0.411,0.3655222222222222,0.3858888888888889,0.3935857142857143,0.16784,0.347136,0.4883535100783686,similarity_score
DATA_EXFILTRATION,Data Exfiltration,OG-WRL-011,"Responsible for overseeing and directly managing technology projects. Ensures cybersecurity is built into projects to protect the organization’s critical infrastructure and assets, reduce risk, and meet organizational goals. Tracks and communicates project status and demonstrates project value to the organization.",OG,7,15,0.4666666666666667,2,56,0.03571428571428571,0.35965714285714284,0.411,0.3655222222222222,0.3858888888888889,0.3935857142857143,0.16784,0.347136,0.4883535100783686,similarity_score
DATA_EXFILTRATION,Data Exfiltration,OG-WRL-015,Responsible for managing a portfolio of technology investments that align with the overall needs of mission and enterprise priorities.,OG,7,15,0.4666666666666667,2,56,0.03571428571428571,0.35965714285714284,0.411,0.3655222222222222,0.3858888888888889,0.3935857142857143,0.16784,0.347136,0.4883535100783686,similarity_score
DATA_EXFILTRATION,Data Exfiltration,OG-WRL-016,Responsible for conducting evaluations of technology programs or their individual components to determine compliance with published standards.,OG,7,15,0.4666666666666667,2,56,0.03571428571428571,0.35965714285714284,0.411,0.3655222222222222,0.3858888888888889,0.3935857142857143,0.16784,0.347136,0.4883535100783686,similarity_score
DATA_EXFILTRATION,Data Exfiltration,PD-WRL-004,"Responsible for testing, implementing, deploying, maintaining, and administering infrastructure hardware and software for cybersecurity.",PD,6,15,0.4,2,56,0.03571428571428571,0.3648,0.4279,0.3676285714285714,0.32025714285714285,0.4148833333333333,0.14592,0.29836799999999997,0.4197463244810756,similarity_score
DATA_EXFILTRATION,Data Exfiltration,PD-WRL-006,"Responsible for collecting, processing, analyzing, and disseminating cybersecurity threat assessments. Develops cybersecurity indicators to maintain awareness of the status of the highly dynamic operating environment.",PD,6,15,0.4,1,56,0.017857142857142856,0.3589166666666667,0.3997,0.3589166666666667,0.3602,0.34706000000000004,0.14356666666666668,0.2974266666666667,0.41842204973720837,similarity_score
DATA_EXFILTRATION,Data Exfiltration,OG-WRL-012,"Responsible for conducting independent comprehensive assessments of management, operational, and technical security controls and control enhancements employed within or inherited by a system to determine their overall effectiveness.",OG,5,15,0.3333333333333333,5,56,0.08928571428571429,0.38062,0.4328,0.3737111111111111,0.3607111111111111,0.3188125,0.12687333333333334,0.2507493333333333,0.35275602957671975,similarity_score
DATA_EXFILTRATION,Data Exfiltration,DD-WRL-004,"Responsible for the secure design, development, and testing of systems and the evaluation of system security throughout the systems development life cycle.",DD,4,15,0.26666666666666666,4,56,0.07142857142857142,0.36114999999999997,0.3912,0.34962,0.30176,0.35468,0.09630666666666667,0.19852266666666668,0.2792831659545095,similarity_score
DATA_EXFILTRATION,Data Exfiltration,DD-WRL-003,"Responsible for developing, creating, modifying, and maintaining computer applications, software, or specialized utility programs.",DD,3,15,0.2,3,56,0.05357142857142857,0.36576666666666663,0.4083,0.36576666666666663,0.3847333333333333,0.3436,0.07315333333333333,0.14926133333333333,0.20998195534980735,similarity_score
DATA_EXFILTRATION,Data Exfiltration,DD-WRL-005,"Responsible for analyzing the security of new or existing computer applications, software, or specialized utility programs and delivering actionable results.",DD,3,15,0.2,3,56,0.05357142857142857,0.36576666666666663,0.4083,0.36576666666666663,0.3847333333333333,0.3436,0.07315333333333333,0.14926133333333333,0.20998195534980735,similarity_score
DATA_EXFILTRATION,Data Exfiltration,PD-WRL-007,"Responsible for assessing systems and networks to identify deviations from acceptable configurations, enclave policy, or local policy. Measure effectiveness of defense-in-depth architecture against known vulnerabilities.",PD,3,15,0.2,1,56,0.017857142857142856,0.3519333333333334,0.3827,0.3519333333333334,0.39386666666666664,0.3175,0.07038666666666667,0.14815466666666666,0.20842508844129484,similarity_score
DATA_EXFILTRATION,Data Exfiltration,OG-WRL-013,"Responsible for operating an information system at an acceptable level of risk to organizational operations, organizational assets, individuals, other organizations, and the nation.",OG,3,15,0.2,1,56,0.017857142857142856,0.3426,0.3716,0.3426,0.3836,0.3548,0.06852,0.14740799999999998,0.2073746722138647,similarity_score
DATA_EXFILTRATION,Data Exfiltration,IO-WRL-005,"Responsible for setting up and maintaining a system or specific components of a system in adherence with organizational security policies and procedures. Includes hardware and software installation, configuration, and updates; user account management; backup and recovery management; and security control implementation.",IO,3,15,0.2,3,56,0.05357142857142857,0.3383,0.3998,0.3463,0.25555,0.315325,0.06766,0.147064,0.2068907304519416,similarity_score
DATA_EXFILTRATION,Data Exfiltration,OG-WRL-007,"Responsible for establishing vision and direction for an organization's cybersecurity operations and resources and their impact on digital and physical spaces. Possesses authority to make and execute decisions that impact an organization broadly, including policy approval and stakeholder engagement.",OG,2,15,0.13333333333333333,1,56,0.017857142857142856,0.36255000000000004,0.382,0.36255000000000004,0.3509,0.4563,0.04834000000000001,0.09933600000000001,0.13974662459999776,similarity_score
DATA_EXFILTRATION,Data Exfiltration,IO-WRL-004,"Responsible for planning, implementing, and operating network services and systems, including hardware and virtual environments.",IO,1,15,0.06666666666666667,1,56,0.017857142857142856,0.3899,0.3899,0.3899,0.2465,0.2213,0.025993333333333334,0.050397333333333336,0.07089934386500651,similarity_score
DATA_EXFILTRATION,Data Exfiltration,OG-WRL-008,"Responsible for developing and overseeing an organization’s privacy compliance program and staff, including establishing and managing privacy-related governance, policy, and incident response needs.",OG,1,15,0.06666666666666667,2,56,0.03571428571428571,0.3411,0.3411,0.33730000000000004,0.3326,0.33485,0.02274,0.049096,0.06906861844005688,similarity_score
DATA_EXFILTRATION,Data Exfiltration,DD-WRL-007,"Responsible for planning, preparing, and executing system tests; evaluating test results against specifications and requirements; and reporting test results and findings.",DD,1,15,0.06666666666666667,1,56,0.017857142857142856,0.3211,0.3211,0.3211,0.4228,0.6023,0.021406666666666668,0.04856266666666667,0.06831832113474966,similarity_score
DATA_EXFILTRATION,Data Exfiltration,IO-WRL-007,Responsible for providing technical support to customers who need assistance utilizing client-level hardware and software in accordance with established or approved organizational policies and processes.,IO,1,15,0.06666666666666667,1,56,0.017857142857142856,0.2918,0.2918,0.2918,0.2729,0.2371,0.019453333333333333,0.047781333333333335,0.06721913558247455,similarity_score
INFORMATION_MANIPULATION_AND_INTERFERENCE,Information Manipulation and Interference,PD-WRL-005,Responsible for identifying and assessing the capabilities and activities of cybersecurity insider threats; produces findings to help initialize and support law enforcement and counterintelligence activities and investigations.,PD,14,17,0.8235294117647058,13,74,0.17567567567567569,0.41305000000000003,0.518,0.407784375,0.312084375,0.37143125,0.3401588235294118,0.6301811764705882,1.0,similarity_score
INFORMATION_MANIPULATION_AND_INTERFERENCE,Information Manipulation and Interference,PD-WRL-006,"Responsible for collecting, processing, analyzing, and disseminating cybersecurity threat assessments. Develops cybersecurity indicators to maintain awareness of the status of the highly dynamic operating environment.",PD,14,17,0.8235294117647058,4,74,0.05405405405405406,0.4035642857142857,0.4581,0.3935318181818182,0.3114409090909091,0.3972909090909091,0.3323470588235294,0.6270564705882352,0.9950415753452787,similarity_score
INFORMATION_MANIPULATION_AND_INTERFERENCE,Information Manipulation and Interference,IN-WRL-001,"Responsible for investigating cyberspace intrusion incidents and crimes. Applies tactics, techniques, and procedures for a full range of investigative tools and processes and appropriately balances the benefits of prosecution versus intelligence gathering.",IN,13,17,0.7647058823529411,7,74,0.0945945945945946,0.4006461538461539,0.4841,0.39158000000000004,0.30704,0.381772,0.3063764705882353,0.5813741176470588,0.9225507510445176,similarity_score
INFORMATION_MANIPULATION_AND_INTERFERENCE,Information Manipulation and Interference,OG-WRL-001,Responsible for managing the Communications Security (COMSEC) resources of an organization.,OG,11,17,0.6470588235294118,4,74,0.05405405405405406,0.38547272727272724,0.4422,0.3814307692307692,0.31753846153846155,0.4536307692307692,0.24942352941176468,0.48800470588235295,0.7743879444566829,similarity_score
INFORMATION_MANIPULATION_AND_INTERFERENCE,Information Manipulation and Interference,PD-WRL-003,"Responsible for investigating, analyzing, and responding to network cybersecurity incidents.",PD,8,17,0.47058823529411764,4,74,0.05405405405405406,0.399525,0.4285,0.3972181818181818,0.3082909090909091,0.39273636363636366,0.18801176470588235,0.35755764705882354,0.5673886501360953,similarity_score
INFORMATION_MANIPULATION_AND_INTERFERENCE,Information Manipulation and Interference,OG-WRL-014,"Responsible for managing the cybersecurity of a program, organization, system, or enclave.",OG,8,17,0.47058823529411764,8,74,0.10810810810810811,0.39605,0.4724,0.3864,0.32304,0.4717733333333333,0.1863764705882353,0.35690352941176473,0.5663506666616883,similarity_score
INFORMATION_MANIPULATION_AND_INTERFERENCE,Information Manipulation and Interference,IN-WRL-002,"Responsible for identifying, collecting, examining, and preserving digital evidence using controlled and documented analytical and investigative techniques.",IN,7,17,0.4117647058823529,4,74,0.05405405405405406,0.40418571428571426,0.4368,0.4054888888888889,0.30724444444444443,0.3492777777777778,0.16642941176470588,0.3136305882352941,0.49768320595010956,similarity_score
INFORMATION_MANIPULATION_AND_INTERFERENCE,Information Manipulation and Interference,PD-WRL-001,Responsible for analyzing data collected from various cybersecurity defense tools to mitigate risks.,PD,7,17,0.4117647058823529,5,74,0.06756756756756757,0.3974714285714286,0.4648,0.39885384615384617,0.3058846153846154,0.35817692307692306,0.16366470588235296,0.3125247058823529,0.4959283418027308,similarity_score
INFORMATION_MANIPULATION_AND_INTERFERENCE,Information Manipulation and Interference,PD-WRL-002,Responsible for analyzing digital evidence from computer security incidents to derive useful information in support of system and network vulnerability mitigation.,PD,7,17,0.4117647058823529,4,74,0.05405405405405406,0.3935142857142857,0.4368,0.3981125,0.3146125,0.36575,0.16203529411764706,0.3118729411764706,0.49489409208182894,similarity_score
INFORMATION_MANIPULATION_AND_INTERFERENCE,Information Manipulation and Interference,OG-WRL-012,"Responsible for conducting independent comprehensive assessments of management, operational, and technical security controls and control enhancements employed within or inherited by a system to determine their overall effectiveness.",OG,6,17,0.35294117647058826,5,74,0.06756756756756757,0.43061666666666665,0.5061,0.4342111111111111,0.37335555555555555,0.3869,0.15198235294117646,0.2725576470588235,0.4325068047657629,similarity_score
INFORMATION_MANIPULATION_AND_INTERFERENCE,Information Manipulation and Interference,OG-WRL-008,"Responsible for developing and overseeing an organization’s privacy compliance program and staff, including establishing and managing privacy-related governance, policy, and incident response needs.",OG,6,17,0.35294117647058826,16,74,0.21621621621621623,0.39135000000000003,0.4471,0.3692173913043479,0.3143739130434783,0.4094304347826087,0.1381235294117647,0.26701411764705885,0.42371008150783906,similarity_score
INFORMATION_MANIPULATION_AND_INTERFERENCE,Information Manipulation and Interference,OG-WRL-007,"Responsible for establishing vision and direction for an organization's cybersecurity operations and resources and their impact on digital and physical spaces. Possesses authority to make and execute decisions that impact an organization broadly, including policy approval and stakeholder engagement.",OG,6,17,0.35294117647058826,4,74,0.05405405405405406,0.38034999999999997,0.4223,0.3685555555555556,0.32545555555555555,0.5110555555555556,0.13424117647058822,0.2654611764705882,0.42124580419449864,similarity_score
INFORMATION_MANIPULATION_AND_INTERFERENCE,Information Manipulation and Interference,DD-WRL-003,"Responsible for developing, creating, modifying, and maintaining computer applications, software, or specialized utility programs.",DD,4,17,0.23529411764705882,1,74,0.013513513513513514,0.455825,0.5306,0.455825,0.363525,0.359175,0.10725294117647058,0.1840776470588235,0.29210273796144526,similarity_score
INFORMATION_MANIPULATION_AND_INTERFERENCE,Information Manipulation and Interference,DD-WRL-005,"Responsible for analyzing the security of new or existing computer applications, software, or specialized utility programs and delivering actionable results.",DD,4,17,0.23529411764705882,1,74,0.013513513513513514,0.455825,0.5306,0.455825,0.363525,0.359175,0.10725294117647058,0.1840776470588235,0.29210273796144526,similarity_score
INFORMATION_MANIPULATION_AND_INTERFERENCE,Information Manipulation and Interference,OG-WRL-009,"Responsible for planning, estimating costs, budgeting, developing, implementing, and managing product support strategies in order to field and maintain the readiness and operational capability of systems and components.",OG,4,17,0.23529411764705882,4,74,0.05405405405405406,0.411875,0.4254,0.40725999999999996,0.36172,0.37546,0.09691176470588235,0.17994117647058824,0.28553879929954784,similarity_score
INFORMATION_MANIPULATION_AND_INTERFERENCE,Information Manipulation and Interference,OG-WRL-010,"Responsible for leading, coordinating, and the overall success of a defined program. Includes communicating about the program and ensuring alignment with agency or organizational priorities.",OG,4,17,0.23529411764705882,4,74,0.05405405405405406,0.411875,0.4254,0.40725999999999996,0.36172,0.37546,0.09691176470588235,0.17994117647058824,0.28553879929954784,similarity_score
INFORMATION_MANIPULATION_AND_INTERFERENCE,Information Manipulation and Interference,OG-WRL-011,"Responsible for overseeing and directly managing technology projects. Ensures cybersecurity is built into projects to protect the organization’s critical infrastructure and assets, reduce risk, and meet organizational goals. Tracks and communicates project status and demonstrates project value to the organization.",OG,4,17,0.23529411764705882,4,74,0.05405405405405406,0.411875,0.4254,0.40725999999999996,0.36172,0.37546,0.09691176470588235,0.17994117647058824,0.28553879929954784,similarity_score
INFORMATION_MANIPULATION_AND_INTERFERENCE,Information Manipulation and Interference,OG-WRL-015,Responsible for managing a portfolio of technology investments that align with the overall needs of mission and enterprise priorities.,OG,4,17,0.23529411764705882,4,74,0.05405405405405406,0.411875,0.4254,0.40725999999999996,0.36172,0.37546,0.09691176470588235,0.17994117647058824,0.28553879929954784,similarity_score
INFORMATION_MANIPULATION_AND_INTERFERENCE,Information Manipulation and Interference,PD-WRL-007,"Responsible for assessing systems and networks to identify deviations from acceptable configurations, enclave policy, or local policy. Measure effectiveness of defense-in-depth architecture against known vulnerabilities.",PD,4,17,0.23529411764705882,1,74,0.013513513513513514,0.3988,0.4755,0.3988,0.3842,0.42762500000000003,0.09383529411764706,0.17871058823529412,0.2835860462164009,similarity_score
INFORMATION_MANIPULATION_AND_INTERFERENCE,Information Manipulation and Interference,OG-WRL-003,"Responsible for developing cybersecurity workforce plans, assessments, strategies, and guidance, including cybersecurity-related staff training, education, and hiring processes. Makes adjustments in response to or in anticipation of changes to cybersecurity-related policy, technology, and staffing needs and requirements.Authors mandated workforce planning strategies to maintain compliance with legislation, regulation, and policy.",OG,4,17,0.23529411764705882,4,74,0.05405405405405406,0.3905,0.4254,0.39016,0.34282,0.39452,0.09188235294117647,0.1779294117647059,0.28234644005272064,similarity_score
INFORMATION_MANIPULATION_AND_INTERFERENCE,Information Manipulation and Interference,DD-WRL-009,"Responsible for working within the engineering department to design and create systems, processes, and procedures that maintain the safety, reliability, controllability and security of industrial systems in the face of intentional and incidental cyber events. Interfaces with Chief Information Security Officer, plant managers and industrial cybersecurity technicians.",DD,4,17,0.23529411764705882,2,74,0.02702702702702703,0.355675,0.3806,0.3592,0.27966,0.37086,0.08368823529411765,0.17465176470588234,0.27714532142017045,similarity_score
INFORMATION_MANIPULATION_AND_INTERFERENCE,Information Manipulation and Interference,OG-WRL-002,"Responsible for developing and maintaining cybersecurity plans, strategy, and policy to support and align with organizational cybersecurity initiatives and regulatory compliance.",OG,3,17,0.17647058823529413,3,74,0.04054054054054054,0.4116666666666666,0.4254,0.40595,0.356125,0.366825,0.0726470588235294,0.13494117647058823,0.21413076351525423,similarity_score
INFORMATION_MANIPULATION_AND_INTERFERENCE,Information Manipulation and Interference,OG-WRL-016,Responsible for conducting evaluations of technology programs or their individual components to determine compliance with published standards.,OG,3,17,0.17647058823529413,3,74,0.04054054054054054,0.4116666666666666,0.4254,0.40595,0.356125,0.366825,0.0726470588235294,0.13494117647058823,0.21413076351525423,similarity_score
INFORMATION_MANIPULATION_AND_INTERFERENCE,Information Manipulation and Interference,DD-WRL-001,"Responsible for ensuring that security requirements are adequately addressed in all aspects of enterprise architecture, including reference models, segment and solution architectures, and the resulting systems that protect and support organizational mission and business processes.",DD,2,17,0.11764705882352941,1,74,0.013513513513513514,0.39444999999999997,0.4224,0.39444999999999997,0.31584999999999996,0.4459,0.04640588235294117,0.08915058823529412,0.14146818655326013,similarity_score
INFORMATION_MANIPULATION_AND_INTERFERENCE,Information Manipulation and Interference,DD-WRL-002,"Responsible for developing and maintaining business, systems, and information processes to support enterprise mission needs. Develops technology rules and requirements that describe baseline and target architectures.",DD,2,17,0.11764705882352941,1,74,0.013513513513513514,0.39444999999999997,0.4224,0.39444999999999997,0.31584999999999996,0.4459,0.04640588235294117,0.08915058823529412,0.14146818655326013,similarity_score
INFORMATION_MANIPULATION_AND_INTERFERENCE,Information Manipulation and Interference,DD-WRL-004,"Responsible for the secure design, development, and testing of systems and the evaluation of system security throughout the systems development life cycle.",DD,2,17,0.11764705882352941,1,74,0.013513513513513514,0.39444999999999997,0.4224,0.39444999999999997,0.31584999999999996,0.4459,0.04640588235294117,0.08915058823529412,0.14146818655326013,similarity_score
INFORMATION_MANIPULATION_AND_INTERFERENCE,Information Manipulation and Interference,DD-WRL-008,Responsible for conducting software and systems engineering and software systems research to develop new capabilities with fully integrated cybersecurity. Conducts comprehensive technology research to evaluate potential vulnerabilities in cyberspace systems.,DD,1,17,0.058823529411764705,2,74,0.02702702702702703,0.5047,0.5047,0.49485,0.31135,0.43045,0.02968823529411765,0.04716941176470588,0.07485055651595993,similarity_score
INFORMATION_MANIPULATION_AND_INTERFERENCE,Information Manipulation and Interference,IO-WRL-006,"Responsible for developing and analyzing the integration, testing, operations, and maintenance of systems security. Prepares, performs, and manages the security aspects of implementing and operating a system.",IO,1,17,0.058823529411764705,1,74,0.013513513513513514,0.4515,0.4515,0.4515,0.2707,0.292,0.026558823529411767,0.04591764705882353,0.07286419965126742,similarity_score
INFORMATION_MANIPULATION_AND_INTERFERENCE,Information Manipulation and Interference,OG-WRL-013,"Responsible for operating an information system at an acceptable level of risk to organizational operations, organizational assets, individuals, other organizations, and the nation.",OG,1,17,0.058823529411764705,1,74,0.013513513513513514,0.4136,0.4136,0.4136,0.3979,0.4102,0.024329411764705884,0.04502588235294118,0.07144910707284927,similarity_score
INFORMATION_MANIPULATION_AND_INTERFERENCE,Information Manipulation and Interference,OG-WRL-017,"Responsible for developing cybersecurity supply chain risk management (C-SCRM) policies, processes, and procedures to identify, assess, protect against, and respond to cybersecurity risks throughout the supply chain, and for advising other stakeholders within an enterprise about supply chain risks.",OG,1,17,0.058823529411764705,1,74,0.013513513513513514,0.4125,0.4125,0.4125,0.3841,0.41,0.024264705882352938,0.045,0.07140803578429358,similarity_score
INFORMATION_MANIPULATION_AND_INTERFERENCE,Information Manipulation and Interference,DD-WRL-007,"Responsible for planning, preparing, and executing system tests; evaluating test results against specifications and requirements; and reporting test results and findings.",DD,1,17,0.058823529411764705,1,74,0.013513513513513514,0.3843,0.3843,0.3843,0.3561,0.3383,0.022605882352941174,0.0443364705882353,0.07035511729586637,similarity_score
INFORMATION_MANIPULATION_AND_INTERFERENCE,Information Manipulation and Interference,PD-WRL-004,"Responsible for testing, implementing, deploying, maintaining, and administering infrastructure hardware and software for cybersecurity.",PD,1,17,0.058823529411764705,1,74,0.013513513513513514,0.3781,0.3781,0.3781,0.3193,0.4216,0.022241176470588236,0.04419058823529412,0.07012362457855258,similarity_score
INFORMATION_MANIPULATION_AND_INTERFERENCE,Information Manipulation and Interference,OG-WRL-004,"Responsible for developing, planning, coordinating, and evaluating cybersecurity awareness, training, or education content, methods, and techniques based on instructional needs and requirements.",OG,1,17,0.058823529411764705,2,74,0.02702702702702703,0.341,0.341,0.3329,0.295,0.36785,0.020058823529411768,0.04331764705882353,0.06873840202817491,similarity_score
INFORMATION_MANIPULATION_AND_INTERFERENCE,Information Manipulation and Interference,OG-WRL-005,"Responsible for developing and conducting cybersecurity awareness, training, or education.",OG,1,17,0.058823529411764705,2,74,0.02702702702702703,0.341,0.341,0.3329,0.295,0.36785,0.020058823529411768,0.04331764705882353,0.06873840202817491,similarity_score
MALWARE,Malware,OG-WRL-012,"Responsible for conducting independent comprehensive assessments of management, operational, and technical security controls and control enhancements employed within or inherited by a system to determine their overall effectiveness.",OG,12,12,1.0,5,47,0.10638297872340426,0.42808333333333337,0.5026,0.4273277777777778,,0.2784,0.42808333333333337,0.7712333333333333,1.0,similarity_score
MALWARE,Malware,OG-WRL-013,"Responsible for operating an information system at an acceptable level of risk to organizational operations, organizational assets, individuals, other organizations, and the nation.",OG,10,12,0.8333333333333334,1,47,0.02127659574468085,0.42428999999999994,0.4863,0.42428999999999994,,0.26565,0.353575,0.64143,0.8316938237455158,similarity_score
MALWARE,Malware,OG-WRL-014,"Responsible for managing the cybersecurity of a program, organization, system, or enclave.",OG,10,12,0.8333333333333334,7,47,0.14893617021276595,0.42072000000000004,0.4858,0.41190625000000003,,0.31873125,0.3506,0.64024,0.8301508406448546,similarity_score
MALWARE,Malware,IN-WRL-001,"Responsible for investigating cyberspace intrusion incidents and crimes. Applies tactics, techniques, and procedures for a full range of investigative tools and processes and appropriately balances the benefits of prosecution versus intelligence gathering.",IN,9,12,0.75,4,47,0.0851063829787234,0.4304111111111111,0.5191,0.42378666666666664,,0.34242666666666666,0.3228083333333333,0.5791233333333333,0.7509054760772789,similarity_score
MALWARE,Malware,OG-WRL-002,"Responsible for developing and maintaining cybersecurity plans, strategy, and policy to support and align with organizational cybersecurity initiatives and regulatory compliance.",OG,8,12,0.6666666666666666,3,47,0.06382978723404255,0.4159,0.4726,0.41498666666666667,,0.25302,0.27726666666666666,0.5109066666666666,0.6624540778839089,similarity_score
MALWARE,Malware,OG-WRL-003,"Responsible for developing cybersecurity workforce plans, assessments, strategies, and guidance, including cybersecurity-related staff training, education, and hiring processes. Makes adjustments in response to or in anticipation of changes to cybersecurity-related policy, technology, and staffing needs and requirements.Authors mandated workforce planning strategies to maintain compliance with legislation, regulation, and policy.",OG,8,12,0.6666666666666666,3,47,0.06382978723404255,0.4159,0.4726,0.41498666666666667,,0.25302,0.27726666666666666,0.5109066666666666,0.6624540778839089,similarity_score
MALWARE,Malware,OG-WRL-009,"Responsible for planning, estimating costs, budgeting, developing, implementing, and managing product support strategies in order to field and maintain the readiness and operational capability of systems and components.",OG,8,12,0.6666666666666666,2,47,0.0425531914893617,0.4146125,0.4726,0.4180357142857143,,0.2557642857142857,0.2764083333333333,0.5105633333333333,0.6620089034879197,similarity_score
MALWARE,Malware,OG-WRL-010,"Responsible for leading, coordinating, and the overall success of a defined program. Includes communicating about the program and ensuring alignment with agency or organizational priorities.",OG,8,12,0.6666666666666666,2,47,0.0425531914893617,0.4146125,0.4726,0.4180357142857143,,0.2557642857142857,0.2764083333333333,0.5105633333333333,0.6620089034879197,similarity_score
MALWARE,Malware,OG-WRL-011,"Responsible for overseeing and directly managing technology projects. Ensures cybersecurity is built into projects to protect the organization’s critical infrastructure and assets, reduce risk, and meet organizational goals. Tracks and communicates project status and demonstrates project value to the organization.",OG,8,12,0.6666666666666666,2,47,0.0425531914893617,0.4146125,0.4726,0.4180357142857143,,0.2557642857142857,0.2764083333333333,0.5105633333333333,0.6620089034879197,similarity_score
MALWARE,Malware,OG-WRL-015,Responsible for managing a portfolio of technology investments that align with the overall needs of mission and enterprise priorities.,OG,8,12,0.6666666666666666,2,47,0.0425531914893617,0.4146125,0.4726,0.4180357142857143,,0.2557642857142857,0.2764083333333333,0.5105633333333333,0.6620089034879197,similarity_score
MALWARE,Malware,OG-WRL-016,Responsible for conducting evaluations of technology programs or their individual components to determine compliance with published standards.,OG,8,12,0.6666666666666666,2,47,0.0425531914893617,0.4146125,0.4726,0.4180357142857143,,0.2557642857142857,0.2764083333333333,0.5105633333333333,0.6620089034879197,similarity_score
MALWARE,Malware,OG-WRL-008,"Responsible for developing and overseeing an organization’s privacy compliance program and staff, including establishing and managing privacy-related governance, policy, and incident response needs.",OG,7,12,0.5833333333333334,11,47,0.23404255319148937,0.40568571428571426,0.4375,0.3987941176470588,,0.2736529411764706,0.23665,0.44466000000000006,0.5765570298655833,similarity_score
MALWARE,Malware,OG-WRL-001,Responsible for managing the Communications Security (COMSEC) resources of an organization.,OG,7,12,0.5833333333333334,3,47,0.06382978723404255,0.3975571428571429,0.418,0.3911181818181818,,0.29275454545454543,0.23190833333333336,0.4427633333333334,0.5740977654838572,similarity_score
MALWARE,Malware,DD-WRL-005,"Responsible for analyzing the security of new or existing computer applications, software, or specialized utility programs and delivering actionable results.",DD,6,12,0.5,4,47,0.0851063829787234,0.41483333333333333,0.452,0.41616,,0.31313,0.20741666666666667,0.3829666666666667,0.49656394519600644,similarity_score
MALWARE,Malware,IN-WRL-002,"Responsible for identifying, collecting, examining, and preserving digital evidence using controlled and documented analytical and investigative techniques.",IN,5,12,0.4166666666666667,2,47,0.0425531914893617,0.41319999999999996,0.4851,0.41319999999999996,,0.23199999999999998,0.17216666666666666,0.3188666666666667,0.41345031767299134,similarity_score
MALWARE,Malware,DD-WRL-007,"Responsible for planning, preparing, and executing system tests; evaluating test results against specifications and requirements; and reporting test results and findings.",DD,5,12,0.4166666666666667,1,47,0.02127659574468085,0.4051600000000001,0.4304,0.4051600000000001,,0.34336,0.1688166666666667,0.3175266666666667,0.4117128409041795,similarity_score
MALWARE,Malware,PD-WRL-007,"Responsible for assessing systems and networks to identify deviations from acceptable configurations, enclave policy, or local policy. Measure effectiveness of defense-in-depth architecture against known vulnerabilities.",PD,5,12,0.4166666666666667,2,47,0.0425531914893617,0.39662,0.4469,0.3954,,0.3235,0.1652583333333333,0.31610333333333335,0.40986731209750615,similarity_score
MALWARE,Malware,DD-WRL-003,"Responsible for developing, creating, modifying, and maintaining computer applications, software, or specialized utility programs.",DD,4,12,0.3333333333333333,3,47,0.06382978723404255,0.43562500000000004,0.452,0.4298,,0.30001666666666665,0.14520833333333336,0.25808333333333333,0.3346371612568613,similarity_score
MALWARE,Malware,PD-WRL-002,Responsible for analyzing digital evidence from computer security incidents to derive useful information in support of system and network vulnerability mitigation.,PD,4,12,0.3333333333333333,1,47,0.02127659574468085,0.421475,0.4851,0.421475,,0.2646,0.14049166666666665,0.25619666666666663,0.3321908631196784,similarity_score
MALWARE,Malware,OG-WRL-017,"Responsible for developing cybersecurity supply chain risk management (C-SCRM) policies, processes, and procedures to identify, assess, protect against, and respond to cybersecurity risks throughout the supply chain, and for advising other stakeholders within an enterprise about supply chain risks.",OG,4,12,0.3333333333333333,2,47,0.0425531914893617,0.406475,0.4165,0.406475,,0.35765,0.13549166666666665,0.2541966666666666,0.329597614211004,similarity_score
MALWARE,Malware,PD-WRL-001,Responsible for analyzing data collected from various cybersecurity defense tools to mitigate risks.,PD,3,12,0.25,3,47,0.06382978723404255,0.40996666666666665,0.4588,0.421375,,0.34097500000000003,0.10249166666666666,0.19099666666666665,0.24765094869689241,similarity_score
MALWARE,Malware,OG-WRL-007,"Responsible for establishing vision and direction for an organization's cybersecurity operations and resources and their impact on digital and physical spaces. Possesses authority to make and execute decisions that impact an organization broadly, including policy approval and stakeholder engagement.",OG,2,12,0.16666666666666666,2,47,0.0425531914893617,0.4054,0.4385,0.4054,,0.2902,0.06756666666666666,0.12702666666666665,0.16470588235294115,similarity_score
MALWARE,Malware,DD-WRL-008,Responsible for conducting software and systems engineering and software systems research to develop new capabilities with fully integrated cybersecurity. Conducts comprehensive technology research to evaluate potential vulnerabilities in cyberspace systems.,DD,1,12,0.08333333333333333,1,47,0.02127659574468085,0.4534,0.4534,0.4534,,0.2723,0.037783333333333335,0.06511333333333333,0.08442754030341011,similarity_score
MALWARE,Malware,PD-WRL-005,Responsible for identifying and assessing the capabilities and activities of cybersecurity insider threats; produces findings to help initialize and support law enforcement and counterintelligence activities and investigations.,PD,1,12,0.08333333333333333,1,47,0.02127659574468085,0.4371,0.4371,0.4371,,0.3887,0.036425,0.06456999999999999,0.08372304101655356,similarity_score
MALWARE,Malware,PD-WRL-006,"Responsible for collecting, processing, analyzing, and disseminating cybersecurity threat assessments. Develops cybersecurity indicators to maintain awareness of the status of the highly dynamic operating environment.",PD,1,12,0.08333333333333333,1,47,0.02127659574468085,0.4126,0.4126,0.4126,,0.3353,0.034383333333333335,0.06375333333333333,0.08266413104551151,similarity_score
MALWARE,Malware,DD-WRL-001,"Responsible for ensuring that security requirements are adequately addressed in all aspects of enterprise architecture, including reference models, segment and solution architectures, and the resulting systems that protect and support organizational mission and business processes.",DD,1,12,0.08333333333333333,1,47,0.02127659574468085,0.3953,0.3953,0.3953,,0.3259,0.03294166666666667,0.06317666666666666,0.08191641094351039,similarity_score
MALWARE,Malware,DD-WRL-002,"Responsible for developing and maintaining business, systems, and information processes to support enterprise mission needs. Develops technology rules and requirements that describe baseline and target architectures.",DD,1,12,0.08333333333333333,1,47,0.02127659574468085,0.3953,0.3953,0.3953,,0.3259,0.03294166666666667,0.06317666666666666,0.08191641094351039,similarity_score
MALWARE,Malware,DD-WRL-004,"Responsible for the secure design, development, and testing of systems and the evaluation of system security throughout the systems development life cycle.",DD,1,12,0.08333333333333333,3,47,0.06382978723404255,0.3953,0.3953,0.39010000000000006,,0.2557333333333333,0.03294166666666667,0.06317666666666666,0.08191641094351039,similarity_score
MALWARE,Malware,PD-WRL-003,"Responsible for investigating, analyzing, and responding to network cybersecurity incidents.",PD,1,12,0.08333333333333333,1,47,0.02127659574468085,0.3801,0.3801,0.3801,,0.1016,0.031675,0.06267,0.08125945455331288,similarity_score
MALWARE,Malware,OG-WRL-004,"Responsible for developing, planning, coordinating, and evaluating cybersecurity awareness, training, or education content, methods, and techniques based on instructional needs and requirements.",OG,1,12,0.08333333333333333,1,47,0.02127659574468085,0.3723,0.3723,0.3723,,0.2146,0.031025,0.06240999999999999,0.08092233219518519,similarity_score
RANSOMWARE,Ransomware,PD-WRL-001,Responsible for analyzing data collected from various cybersecurity defense tools to mitigate risks.,PD,34,48,0.7083333333333334,8,134,0.05970149253731343,0.4148588235294118,0.525,0.4052125,0.299021875,0.33585384615384617,0.29385833333333333,0.5425433333333334,1.0,similarity_score
RANSOMWARE,Ransomware,OG-WRL-014,"Responsible for managing the cybersecurity of a program, organization, system, or enclave.",OG,32,48,0.6666666666666666,11,134,0.08208955223880597,0.3992125,0.534,0.39296097560975607,0.3717512195121951,0.4057205882352941,0.26614166666666667,0.5064566666666667,0.9334861117084349,similarity_score
RANSOMWARE,Ransomware,OG-WRL-012,"Responsible for conducting independent comprehensive assessments of management, operational, and technical security controls and control enhancements employed within or inherited by a system to determine their overall effectiveness.",OG,31,48,0.6458333333333334,11,134,0.08208955223880597,0.40060645161290326,0.5114,0.38791698113207546,0.3733566037735849,0.383475,0.25872500000000004,0.49099000000000004,0.9049784041827688,similarity_score
RANSOMWARE,Ransomware,PD-WRL-006,"Responsible for collecting, processing, analyzing, and disseminating cybersecurity threat assessments. Develops cybersecurity indicators to maintain awareness of the status of the highly dynamic operating environment.",PD,27,48,0.5625,6,134,0.04477611940298507,0.4129777777777778,0.5533,0.411425,0.3373125,0.349321052631579,0.23229999999999998,0.43041999999999997,0.7933375521463722,similarity_score
RANSOMWARE,Ransomware,PD-WRL-002,Responsible for analyzing digital evidence from computer security incidents to derive useful information in support of system and network vulnerability mitigation.,PD,27,48,0.5625,14,134,0.1044776119402985,0.40939629629629626,0.5105,0.4037068181818182,0.2705090909090909,0.276944,0.23028541666666666,0.42961416666666663,0.7918522637208701,similarity_score
RANSOMWARE,Ransomware,IN-WRL-001,"Responsible for investigating cyberspace intrusion incidents and crimes. Applies tactics, techniques, and procedures for a full range of investigative tools and processes and appropriately balances the benefits of prosecution versus intelligence gathering.",IN,27,48,0.5625,6,134,0.04477611940298507,0.4091444444444445,0.5105,0.41025,0.35588055555555553,0.3538608695652174,0.23014375,0.4295575,0.7917478173786424,similarity_score
RANSOMWARE,Ransomware,PD-WRL-005,Responsible for identifying and assessing the capabilities and activities of cybersecurity insider threats; produces findings to help initialize and support law enforcement and counterintelligence activities and investigations.,PD,26,48,0.5416666666666666,13,134,0.09701492537313433,0.39181153846153843,0.4777,0.3872105263157895,0.3193157894736842,0.352725,0.21223124999999998,0.40989249999999994,0.7555018646744037,similarity_score
RANSOMWARE,Ransomware,IN-WRL-002,"Responsible for identifying, collecting, examining, and preserving digital evidence using controlled and documented analytical and investigative techniques.",IN,25,48,0.5208333333333334,15,134,0.11194029850746269,0.41383600000000004,0.5105,0.39840000000000003,0.27344,0.247444,0.21553958333333334,0.3987158333333333,0.7349013596456196,similarity_score
RANSOMWARE,Ransomware,OG-WRL-002,"Responsible for developing and maintaining cybersecurity plans, strategy, and policy to support and align with organizational cybersecurity initiatives and regulatory compliance.",OG,21,48,0.4375,3,134,0.022388059701492536,0.4037333333333334,0.5241,0.40118857142857145,0.38565999999999995,0.36551904761904763,0.17663333333333334,0.33315333333333336,0.6140584776638425,similarity_score
RANSOMWARE,Ransomware,OG-WRL-003,"Responsible for developing cybersecurity workforce plans, assessments, strategies, and guidance, including cybersecurity-related staff training, education, and hiring processes. Makes adjustments in response to or in anticipation of changes to cybersecurity-related policy, technology, and staffing needs and requirements.Authors mandated workforce planning strategies to maintain compliance with legislation, regulation, and policy.",OG,21,48,0.4375,3,134,0.022388059701492536,0.4037333333333334,0.5241,0.40118857142857145,0.38565999999999995,0.36551904761904763,0.17663333333333334,0.33315333333333336,0.6140584776638425,similarity_score
RANSOMWARE,Ransomware,OG-WRL-009,"Responsible for planning, estimating costs, budgeting, developing, implementing, and managing product support strategies in order to field and maintain the readiness and operational capability of systems and components.",OG,21,48,0.4375,3,134,0.022388059701492536,0.4017857142857143,0.5241,0.40002,0.38323714285714283,0.35383333333333333,0.17578125,0.3328125,0.6134302636348555,similarity_score
RANSOMWARE,Ransomware,OG-WRL-011,"Responsible for overseeing and directly managing technology projects. Ensures cybersecurity is built into projects to protect the organization’s critical infrastructure and assets, reduce risk, and meet organizational goals. Tracks and communicates project status and demonstrates project value to the organization.",OG,21,48,0.4375,3,134,0.022388059701492536,0.4017857142857143,0.5241,0.40002,0.38323714285714283,0.35383333333333333,0.17578125,0.3328125,0.6134302636348555,similarity_score
RANSOMWARE,Ransomware,OG-WRL-016,Responsible for conducting evaluations of technology programs or their individual components to determine compliance with published standards.,OG,21,48,0.4375,3,134,0.022388059701492536,0.4017857142857143,0.5241,0.40002,0.38323714285714283,0.35383333333333333,0.17578125,0.3328125,0.6134302636348555,similarity_score
RANSOMWARE,Ransomware,OG-WRL-010,"Responsible for leading, coordinating, and the overall success of a defined program. Includes communicating about the program and ensuring alignment with agency or organizational priorities.",OG,20,48,0.4166666666666667,2,134,0.014925373134328358,0.40498,0.5241,0.40184705882352945,0.38767941176470583,0.3618,0.16874166666666668,0.31749666666666665,0.5852005676965895,similarity_score
RANSOMWARE,Ransomware,OG-WRL-015,Responsible for managing a portfolio of technology investments that align with the overall needs of mission and enterprise priorities.,OG,20,48,0.4166666666666667,2,134,0.014925373134328358,0.40498,0.5241,0.40184705882352945,0.38767941176470583,0.3618,0.16874166666666668,0.31749666666666665,0.5852005676965895,similarity_score
RANSOMWARE,Ransomware,DD-WRL-004,"Responsible for the secure design, development, and testing of systems and the evaluation of system security throughout the systems development life cycle.",DD,20,48,0.4166666666666667,7,134,0.05223880597014925,0.37894,0.4588,0.37120869565217396,0.3242608695652174,0.348045,0.15789166666666668,0.3131566666666667,0.5772012066624479,similarity_score
RANSOMWARE,Ransomware,OG-WRL-013,"Responsible for operating an information system at an acceptable level of risk to organizational operations, organizational assets, individuals, other organizations, and the nation.",OG,17,48,0.3541666666666667,1,134,0.007462686567164179,0.4083294117647059,0.4805,0.4083294117647059,0.42815294117647057,0.4163461538461538,0.14461666666666667,0.2703466666666667,0.4982950670606956,similarity_score
RANSOMWARE,Ransomware,DD-WRL-009,"Responsible for working within the engineering department to design and create systems, processes, and procedures that maintain the safety, reliability, controllability and security of industrial systems in the face of intentional and incidental cyber events. Interfaces with Chief Information Security Officer, plant managers and industrial cybersecurity technicians.",DD,16,48,0.3333333333333333,6,134,0.04477611940298507,0.398925,0.4638,0.4002076923076923,0.3440576923076923,0.34687368421052633,0.13297499999999998,0.25318999999999997,0.4666724009756516,similarity_score
RANSOMWARE,Ransomware,PD-WRL-003,"Responsible for investigating, analyzing, and responding to network cybersecurity incidents.",PD,16,48,0.3333333333333333,6,134,0.04477611940298507,0.39408125,0.4777,0.38763157894736844,0.3042157894736842,0.3160764705882353,0.13136041666666667,0.2525441666666667,0.46548201986938065,similarity_score
RANSOMWARE,Ransomware,DD-WRL-005,"Responsible for analyzing the security of new or existing computer applications, software, or specialized utility programs and delivering actionable results.",DD,14,48,0.2916666666666667,7,134,0.05223880597014925,0.39207142857142857,0.4887,0.3911294117647059,0.3566,0.3452375,0.11435416666666666,0.22074166666666667,0.40686458224535055,similarity_score
RANSOMWARE,Ransomware,IO-WRL-006,"Responsible for developing and analyzing the integration, testing, operations, and maintenance of systems security. Prepares, performs, and manages the security aspects of implementing and operating a system.",IO,14,48,0.2916666666666667,9,134,0.06716417910447761,0.3832785714285714,0.4515,0.3810888888888889,0.34105555555555556,0.4156352941176471,0.11178958333333333,0.21971583333333336,0.40497379625590585,similarity_score
RANSOMWARE,Ransomware,PD-WRL-007,"Responsible for assessing systems and networks to identify deviations from acceptable configurations, enclave policy, or local policy. Measure effectiveness of defense-in-depth architecture against known vulnerabilities.",PD,14,48,0.2916666666666667,3,134,0.022388059701492536,0.3785857142857143,0.4919,0.3792666666666667,0.40357333333333334,0.3587,0.11042083333333334,0.21916833333333335,0.40396466027291217,similarity_score
RANSOMWARE,Ransomware,DD-WRL-003,"Responsible for developing, creating, modifying, and maintaining computer applications, software, or specialized utility programs.",DD,13,48,0.2708333333333333,7,134,0.05223880597014925,0.3923846153846154,0.4887,0.39146470588235294,0.3503176470588235,0.34035625,0.10627083333333333,0.20500833333333332,0.37786536252096603,similarity_score
RANSOMWARE,Ransomware,DD-WRL-001,"Responsible for ensuring that security requirements are adequately addressed in all aspects of enterprise architecture, including reference models, segment and solution architectures, and the resulting systems that protect and support organizational mission and business processes.",DD,10,48,0.20833333333333334,6,134,0.04477611940298507,0.38519000000000003,0.4502,0.38153846153846155,0.3323538461538461,0.3873888888888889,0.08024791666666667,0.15709916666666668,0.28956058809434576,similarity_score
RANSOMWARE,Ransomware,OG-WRL-001,Responsible for managing the Communications Security (COMSEC) resources of an organization.,OG,10,48,0.20833333333333334,4,134,0.029850746268656716,0.38008,0.4569,0.3825692307692308,0.3741230769230769,0.3845111111111111,0.07918333333333333,0.15667333333333333,0.28877570455201734,similarity_score
RANSOMWARE,Ransomware,DD-WRL-002,"Responsible for developing and maintaining business, systems, and information processes to support enterprise mission needs. Develops technology rules and requirements that describe baseline and target architectures.",DD,9,48,0.1875,4,134,0.029850746268656716,0.3880111111111111,0.4502,0.38678181818181817,0.33704545454545454,0.3873888888888889,0.07275208333333333,0.14160083333333331,0.26099451349508174,similarity_score
RANSOMWARE,Ransomware,OG-WRL-008,"Responsible for developing and overseeing an organization’s privacy compliance program and staff, including establishing and managing privacy-related governance, policy, and incident response needs.",OG,9,48,0.1875,14,134,0.1044776119402985,0.37451111111111113,0.48,0.3751782608695652,0.33758695652173915,0.3513285714285714,0.07022083333333333,0.14058833333333332,0.2591283031155729,similarity_score
RANSOMWARE,Ransomware,IO-WRL-005,"Responsible for setting up and maintaining a system or specific components of a system in adherence with organizational security policies and procedures. Includes hardware and software installation, configuration, and updates; user account management; backup and recovery management; and security control implementation.",IO,7,48,0.14583333333333334,5,134,0.03731343283582089,0.3750714285714286,0.4398,0.3697666666666667,0.31114444444444445,0.3133875,0.05469791666666667,0.10937916666666668,0.20160448013369134,similarity_score
RANSOMWARE,Ransomware,OG-WRL-007,"Responsible for establishing vision and direction for an organization's cybersecurity operations and resources and their impact on digital and physical spaces. Possesses authority to make and execute decisions that impact an organization broadly, including policy approval and stakeholder engagement.",OG,6,48,0.125,4,134,0.029850746268656716,0.39316666666666666,0.4569,0.38221428571428573,0.3655428571428571,0.44259999999999994,0.04914583333333333,0.09465833333333333,0.1744714707888156,similarity_score
RANSOMWARE,Ransomware,IO-WRL-007,Responsible for providing technical support to customers who need assistance utilizing client-level hardware and software in accordance with established or approved organizational policies and processes.,IO,6,48,0.125,3,134,0.022388059701492536,0.38038333333333335,0.4398,0.38038333333333335,0.3174333333333333,0.30018,0.04754791666666667,0.09401916666666667,0.1732933774875125,similarity_score
RANSOMWARE,Ransomware,PD-WRL-004,"Responsible for testing, implementing, deploying, maintaining, and administering infrastructure hardware and software for cybersecurity.",PD,6,48,0.125,2,134,0.014925373134328358,0.35313333333333335,0.3961,0.3490428571428571,0.35552857142857147,0.3788142857142857,0.04414166666666667,0.09265666666666666,0.17078205734718577,similarity_score
RANSOMWARE,Ransomware,DD-WRL-008,Responsible for conducting software and systems engineering and software systems research to develop new capabilities with fully integrated cybersecurity. Conducts comprehensive technology research to evaluate potential vulnerabilities in cyberspace systems.,DD,4,48,0.08333333333333333,3,134,0.022388059701492536,0.40585,0.4574,0.40025,0.27548333333333336,0.42793333333333333,0.033820833333333335,0.06352833333333333,0.1170935654909285,similarity_score
RANSOMWARE,Ransomware,DD-WRL-007,"Responsible for planning, preparing, and executing system tests; evaluating test results against specifications and requirements; and reporting test results and findings.",DD,4,48,0.08333333333333333,1,134,0.007462686567164179,0.34415,0.4299,0.34415,0.41015,0.47295,0.02867916666666667,0.06147166666666666,0.11330277765831298,similarity_score
RANSOMWARE,Ransomware,OG-WRL-004,"Responsible for developing, planning, coordinating, and evaluating cybersecurity awareness, training, or education content, methods, and techniques based on instructional needs and requirements.",OG,3,48,0.0625,2,134,0.014925373134328358,0.3732666666666667,0.3904,0.3732666666666667,0.29109999999999997,0.36429999999999996,0.023329166666666668,0.04683166666666667,0.08631875794867383,similarity_score
RANSOMWARE,Ransomware,IO-WRL-004,"Responsible for planning, implementing, and operating network services and systems, including hardware and virtual environments.",IO,3,48,0.0625,2,134,0.014925373134328358,0.3394333333333333,0.3673,0.32905,0.28965,0.345925,0.021214583333333332,0.04598583333333333,0.08475974269336396,similarity_score
RANSOMWARE,Ransomware,OG-WRL-017,"Responsible for developing cybersecurity supply chain risk management (C-SCRM) policies, processes, and procedures to identify, assess, protect against, and respond to cybersecurity risks throughout the supply chain, and for advising other stakeholders within an enterprise about supply chain risks.",OG,2,48,0.041666666666666664,1,134,0.007462686567164179,0.3846,0.4087,0.3846,0.379,0.40254999999999996,0.016025,0.03141,0.05789399310654141,similarity_score
RANSOMWARE,Ransomware,OG-WRL-005,"Responsible for developing and conducting cybersecurity awareness, training, or education.",OG,2,48,0.041666666666666664,1,134,0.007462686567164179,0.3781,0.3904,0.3781,0.29575,0.4215,0.015754166666666666,0.031301666666666665,0.05769431627581206,similarity_score
SOCIAL_ENGINEERING,Social Engineering,PD-WRL-005,Responsible for identifying and assessing the capabilities and activities of cybersecurity insider threats; produces findings to help initialize and support law enforcement and counterintelligence activities and investigations.,PD,17,22,0.7727272727272727,14,96,0.14583333333333334,0.40547647058823527,0.4585,0.39512631578947366,0.3188921052631579,0.3662394736842105,0.31332272727272725,0.5889654545454546,1.0,similarity_score
SOCIAL_ENGINEERING,Social Engineering,IN-WRL-001,"Responsible for investigating cyberspace intrusion incidents and crimes. Applies tactics, techniques, and procedures for a full range of investigative tools and processes and appropriately balances the benefits of prosecution versus intelligence gathering.",IN,16,22,0.7272727272727273,7,96,0.07291666666666667,0.40385,0.4841,0.39438214285714285,0.3149928571428572,0.38896785714285714,0.2937090909090909,0.5538472727272727,0.940373104148723,similarity_score
SOCIAL_ENGINEERING,Social Engineering,OG-WRL-014,"Responsible for managing the cybersecurity of a program, organization, system, or enclave.",OG,15,22,0.6818181818181818,12,96,0.125,0.40445333333333333,0.4739,0.3992807692307692,0.3494769230769231,0.4562346153846154,0.2757636363636364,0.5193963636363637,0.8818791656247781,similarity_score
SOCIAL_ENGINEERING,Social Engineering,PD-WRL-006,"Responsible for collecting, processing, analyzing, and disseminating cybersecurity threat assessments. Develops cybersecurity indicators to maintain awareness of the status of the highly dynamic operating environment.",PD,15,22,0.6818181818181818,4,96,0.041666666666666664,0.40274666666666664,0.4581,0.39343478260869563,0.31579565217391303,0.4045913043478261,0.2746,0.5189309090909091,0.8810888738651133,similarity_score
SOCIAL_ENGINEERING,Social Engineering,PD-WRL-003,"Responsible for investigating, analyzing, and responding to network cybersecurity incidents.",PD,11,22,0.5,4,96,0.041666666666666664,0.41638181818181813,0.4406,0.41095714285714285,0.32838571428571434,0.4158714285714286,0.20819090909090907,0.38327636363636364,0.6507620450034112,similarity_score
SOCIAL_ENGINEERING,Social Engineering,OG-WRL-012,"Responsible for conducting independent comprehensive assessments of management, operational, and technical security controls and control enhancements employed within or inherited by a system to determine their overall effectiveness.",OG,10,22,0.45454545454545453,7,96,0.07291666666666667,0.42408,0.4585,0.4109375,0.413575,0.39458125,0.19276363636363636,0.34983272727272724,0.5939783472406159,similarity_score
SOCIAL_ENGINEERING,Social Engineering,PD-WRL-001,Responsible for analyzing data collected from various cybersecurity defense tools to mitigate risks.,PD,10,22,0.45454545454545453,6,96,0.0625,0.40015,0.4469,0.39530625,0.34915625,0.41864375,0.18188636363636365,0.34548181818181817,0.5865909715340613,similarity_score
SOCIAL_ENGINEERING,Social Engineering,OG-WRL-001,Responsible for managing the Communications Security (COMSEC) resources of an organization.,OG,10,22,0.45454545454545453,3,96,0.03125,0.39119000000000004,0.4422,0.38585833333333336,0.318675,0.4699416666666667,0.17781363636363637,0.34385272727272725,0.5838249503752342,similarity_score
SOCIAL_ENGINEERING,Social Engineering,OG-WRL-010,"Responsible for leading, coordinating, and the overall success of a defined program. Includes communicating about the program and ensuring alignment with agency or organizational priorities.",OG,9,22,0.4090909090909091,6,96,0.0625,0.4034888888888889,0.4405,0.3987133333333333,0.39719333333333334,0.3971733333333333,0.16506363636363638,0.31148,0.5288595410751055,similarity_score
SOCIAL_ENGINEERING,Social Engineering,OG-WRL-011,"Responsible for overseeing and directly managing technology projects. Ensures cybersecurity is built into projects to protect the organization’s critical infrastructure and assets, reduce risk, and meet organizational goals. Tracks and communicates project status and demonstrates project value to the organization.",OG,9,22,0.4090909090909091,6,96,0.0625,0.4034888888888889,0.4405,0.3987133333333333,0.39719333333333334,0.3971733333333333,0.16506363636363638,0.31148,0.5288595410751055,similarity_score
SOCIAL_ENGINEERING,Social Engineering,OG-WRL-015,Responsible for managing a portfolio of technology investments that align with the overall needs of mission and enterprise priorities.,OG,9,22,0.4090909090909091,6,96,0.0625,0.4034888888888889,0.4405,0.3987133333333333,0.39719333333333334,0.3971733333333333,0.16506363636363638,0.31148,0.5288595410751055,similarity_score
SOCIAL_ENGINEERING,Social Engineering,OG-WRL-009,"Responsible for planning, estimating costs, budgeting, developing, implementing, and managing product support strategies in order to field and maintain the readiness and operational capability of systems and components.",OG,9,22,0.4090909090909091,5,96,0.052083333333333336,0.4032555555555556,0.4384,0.3957285714285715,0.3995214285714286,0.4001142857142857,0.16496818181818182,0.31144181818181815,0.5287947124541954,similarity_score
SOCIAL_ENGINEERING,Social Engineering,OG-WRL-016,Responsible for conducting evaluations of technology programs or their individual components to determine compliance with published standards.,OG,8,22,0.36363636363636365,5,96,0.052083333333333336,0.4012625,0.4405,0.3960666666666666,0.3925166666666667,0.39396666666666663,0.14591363636363638,0.27654727272727275,0.46954752709682,similarity_score
SOCIAL_ENGINEERING,Social Engineering,OG-WRL-008,"Responsible for developing and overseeing an organization’s privacy compliance program and staff, including establishing and managing privacy-related governance, policy, and incident response needs.",OG,8,22,0.36363636363636365,16,96,0.16666666666666666,0.3908,0.4471,0.3698807692307692,0.31907692307692304,0.4018038461538461,0.1421090909090909,0.2750254545454545,0.46696364349197816,similarity_score
SOCIAL_ENGINEERING,Social Engineering,OG-WRL-007,"Responsible for establishing vision and direction for an organization's cybersecurity operations and resources and their impact on digital and physical spaces. Possesses authority to make and execute decisions that impact an organization broadly, including policy approval and stakeholder engagement.",OG,8,22,0.36363636363636365,6,96,0.0625,0.39011250000000003,0.4484,0.383125,0.336975,0.4975,0.1418590909090909,0.27492545454545453,0.4667938542467377,similarity_score
SOCIAL_ENGINEERING,Social Engineering,OG-WRL-003,"Responsible for developing cybersecurity workforce plans, assessments, strategies, and guidance, including cybersecurity-related staff training, education, and hiring processes. Makes adjustments in response to or in anticipation of changes to cybersecurity-related policy, technology, and staffing needs and requirements.Authors mandated workforce planning strategies to maintain compliance with legislation, regulation, and policy.",OG,8,22,0.36363636363636365,4,96,0.041666666666666664,0.387075,0.4328,0.38201818181818187,0.3817818181818182,0.41567272727272725,0.14075454545454547,0.2744836363636364,0.4660436944904933,similarity_score
SOCIAL_ENGINEERING,Social Engineering,OG-WRL-002,"Responsible for developing and maintaining cybersecurity plans, strategy, and policy to support and align with organizational cybersecurity initiatives and regulatory compliance.",OG,7,22,0.3181818181818182,3,96,0.03125,0.3956571428571429,0.4328,0.38752,0.391,0.40671,0.12589090909090908,0.24126545454545453,0.4096427942987858,similarity_score
SOCIAL_ENGINEERING,Social Engineering,OG-WRL-013,"Responsible for operating an information system at an acceptable level of risk to organizational operations, organizational assets, individuals, other organizations, and the nation.",OG,6,22,0.2727272727272727,1,96,0.010416666666666666,0.43235,0.4585,0.43235,0.44813333333333333,0.4172833333333334,0.11791363636363637,0.21080181818181815,0.3579188160441575,similarity_score
SOCIAL_ENGINEERING,Social Engineering,PD-WRL-007,"Responsible for assessing systems and networks to identify deviations from acceptable configurations, enclave policy, or local policy. Measure effectiveness of defense-in-depth architecture against known vulnerabilities.",PD,6,22,0.2727272727272727,2,96,0.020833333333333332,0.40303333333333335,0.4389,0.40609999999999996,0.4077571428571428,0.4234428571428572,0.10991818181818182,0.20760363636363632,0.3524886472736477,similarity_score
SOCIAL_ENGINEERING,Social Engineering,IN-WRL-002,"Responsible for identifying, collecting, examining, and preserving digital evidence using controlled and documented analytical and investigative techniques.",IN,6,22,0.2727272727272727,3,96,0.03125,0.39875,0.4353,0.401575,0.3152125,0.361025,0.10875,0.20713636363636362,0.35169526843679666,similarity_score
SOCIAL_ENGINEERING,Social Engineering,PD-WRL-002,Responsible for analyzing digital evidence from computer security incidents to derive useful information in support of system and network vulnerability mitigation.,PD,6,22,0.2727272727272727,3,96,0.03125,0.38630000000000003,0.4353,0.39258571428571426,0.3247714285714286,0.38152857142857144,0.10535454545454546,0.2057781818181818,0.3493892217787121,similarity_score
SOCIAL_ENGINEERING,Social Engineering,DD-WRL-009,"Responsible for working within the engineering department to design and create systems, processes, and procedures that maintain the safety, reliability, controllability and security of industrial systems in the face of intentional and incidental cyber events. Interfaces with Chief Information Security Officer, plant managers and industrial cybersecurity technicians.",DD,5,22,0.22727272727272727,3,96,0.03125,0.38636,0.4346,0.38636,0.3222,0.43788,0.0878090909090909,0.1714872727272727,0.291166946047152,similarity_score
SOCIAL_ENGINEERING,Social Engineering,DD-WRL-008,Responsible for conducting software and systems engineering and software systems research to develop new capabilities with fully integrated cybersecurity. Conducts comprehensive technology research to evaluate potential vulnerabilities in cyberspace systems.,DD,4,22,0.18181818181818182,3,96,0.03125,0.404575,0.4346,0.40090000000000003,0.34626,0.37974,0.07355909090909091,0.13851454545454545,0.23518280127558028,similarity_score
SOCIAL_ENGINEERING,Social Engineering,PD-WRL-004,"Responsible for testing, implementing, deploying, maintaining, and administering infrastructure hardware and software for cybersecurity.",PD,4,22,0.18181818181818182,4,96,0.041666666666666664,0.3801,0.4072,0.37245,0.36021666666666663,0.3771166666666667,0.06910909090909091,0.13673454545454544,0.2321605527102994,similarity_score
SOCIAL_ENGINEERING,Social Engineering,DD-WRL-003,"Responsible for developing, creating, modifying, and maintaining computer applications, software, or specialized utility programs.",DD,3,22,0.13636363636363635,3,96,0.03125,0.4209,0.4579,0.4209,0.41326666666666667,0.40103333333333335,0.05739545454545454,0.10477636363636363,0.1778989970086222,similarity_score
SOCIAL_ENGINEERING,Social Engineering,DD-WRL-005,"Responsible for analyzing the security of new or existing computer applications, software, or specialized utility programs and delivering actionable results.",DD,3,22,0.13636363636363635,3,96,0.03125,0.4209,0.4579,0.4209,0.41326666666666667,0.40103333333333335,0.05739545454545454,0.10477636363636363,0.1778989970086222,similarity_score
SOCIAL_ENGINEERING,Social Engineering,OG-WRL-017,"Responsible for developing cybersecurity supply chain risk management (C-SCRM) policies, processes, and procedures to identify, assess, protect against, and respond to cybersecurity risks throughout the supply chain, and for advising other stakeholders within an enterprise about supply chain risks.",OG,3,22,0.13636363636363635,5,96,0.052083333333333336,0.4142333333333333,0.4384,0.4059,0.3986,0.37307142857142855,0.05648636363636363,0.10441272727272725,0.177281581571384,similarity_score
SOCIAL_ENGINEERING,Social Engineering,DD-WRL-001,"Responsible for ensuring that security requirements are adequately addressed in all aspects of enterprise architecture, including reference models, segment and solution architectures, and the resulting systems that protect and support organizational mission and business processes.",DD,3,22,0.13636363636363635,2,96,0.020833333333333332,0.40700000000000003,0.4321,0.40700000000000003,0.34099999999999997,0.4173,0.0555,0.1040181818181818,0.17661168582198056,similarity_score
SOCIAL_ENGINEERING,Social Engineering,DD-WRL-002,"Responsible for developing and maintaining business, systems, and information processes to support enterprise mission needs. Develops technology rules and requirements that describe baseline and target architectures.",DD,2,22,0.09090909090909091,1,96,0.010416666666666666,0.39444999999999997,0.4224,0.39444999999999997,0.31584999999999996,0.4459,0.0358590909090909,0.0688890909090909,0.11696626750758647,similarity_score
SOCIAL_ENGINEERING,Social Engineering,DD-WRL-004,"Responsible for the secure design, development, and testing of systems and the evaluation of system security throughout the systems development life cycle.",DD,2,22,0.09090909090909091,1,96,0.010416666666666666,0.39444999999999997,0.4224,0.39444999999999997,0.31584999999999996,0.4459,0.0358590909090909,0.0688890909090909,0.11696626750758647,similarity_score
SOCIAL_ENGINEERING,Social Engineering,IO-WRL-006,"Responsible for developing and analyzing the integration, testing, operations, and maintenance of systems security. Prepares, performs, and manages the security aspects of implementing and operating a system.",IO,2,22,0.09090909090909091,3,96,0.03125,0.37905,0.3818,0.37146666666666667,0.38913333333333333,0.4792666666666667,0.03445909090909091,0.06832909090909091,0.11601544773423969,similarity_score
SOCIAL_ENGINEERING,Social Engineering,IO-WRL-005,"Responsible for setting up and maintaining a system or specific components of a system in adherence with organizational security policies and procedures. Includes hardware and software installation, configuration, and updates; user account management; backup and recovery management; and security control implementation.",IO,2,22,0.09090909090909091,3,96,0.03125,0.36345,0.391,0.37213333333333337,0.33980000000000005,0.29153333333333337,0.03304090909090909,0.06776181818181817,0.11505227965214812,similarity_score
SOCIAL_ENGINEERING,Social Engineering,DD-WRL-007,"Responsible for planning, preparing, and executing system tests; evaluating test results against specifications and requirements; and reporting test results and findings.",DD,1,22,0.045454545454545456,1,96,0.010416666666666666,0.4864,0.4864,0.4864,0.4121,0.2668,0.022109090909090908,0.036116363636363634,0.06132170122649576,similarity_score
SOCIAL_ENGINEERING,Social Engineering,IO-WRL-004,"Responsible for planning, implementing, and operating network services and systems, including hardware and virtual environments.",IO,1,22,0.045454545454545456,1,96,0.010416666666666666,0.416,0.416,0.416,0.3383,0.3336,0.018909090909090907,0.03483636363636364,0.05914839888741738,similarity_score
SOCIAL_ENGINEERING,Social Engineering,OG-WRL-004,"Responsible for developing, planning, coordinating, and evaluating cybersecurity awareness, training, or education content, methods, and techniques based on instructional needs and requirements.",OG,1,22,0.045454545454545456,2,96,0.020833333333333332,0.341,0.341,0.3329,0.295,0.36785,0.015500000000000002,0.03347272727272727,0.05683309099777421,similarity_score
SOCIAL_ENGINEERING,Social Engineering,OG-WRL-005,"Responsible for developing and conducting cybersecurity awareness, training, or education.",OG,1,22,0.045454545454545456,2,96,0.020833333333333332,0.341,0.341,0.3329,0.295,0.36785,0.015500000000000002,0.03347272727272727,0.05683309099777421,similarity_score
SOCIAL_ENGINEERING,Social Engineering,IO-WRL-007,Responsible for providing technical support to customers who need assistance utilizing client-level hardware and software in accordance with established or approved organizational policies and processes.,IO,1,22,0.045454545454545456,1,96,0.010416666666666666,0.3359,0.3359,0.3359,0.3565,0.206,0.015268181818181818,0.03338,0.056675650061278476,similarity_score
SUPPLY_CHAIN_ATTACKS,Supply Chain Attacks,PD-WRL-005,Responsible for identifying and assessing the capabilities and activities of cybersecurity insider threats; produces findings to help initialize and support law enforcement and counterintelligence activities and investigations.,PD,15,20,0.75,14,96,0.14583333333333334,0.40909333333333336,0.4585,0.39605833333333335,0.32021944444444445,0.3634861111111111,0.30682,0.5727279999999999,1.0,similarity_score
SUPPLY_CHAIN_ATTACKS,Supply Chain Attacks,OG-WRL-014,"Responsible for managing the cybersecurity of a program, organization, system, or enclave.",OG,14,20,0.7,12,96,0.125,0.42054285714285716,0.49,0.4119,0.3451125,0.4389625,0.29438,0.537752,0.9389308711988938,similarity_score
SUPPLY_CHAIN_ATTACKS,Supply Chain Attacks,IN-WRL-001,"Responsible for investigating cyberspace intrusion incidents and crimes. Applies tactics, techniques, and procedures for a full range of investigative tools and processes and appropriately balances the benefits of prosecution versus intelligence gathering.",IN,14,20,0.7,7,96,0.07291666666666667,0.40714285714285714,0.4585,0.394032,0.312872,0.381416,0.28500000000000003,0.534,0.9323797684066435,similarity_score
SUPPLY_CHAIN_ATTACKS,Supply Chain Attacks,PD-WRL-006,"Responsible for collecting, processing, analyzing, and disseminating cybersecurity threat assessments. Develops cybersecurity indicators to maintain awareness of the status of the highly dynamic operating environment.",PD,12,20,0.6,4,96,0.041666666666666664,0.40565,0.4581,0.4008666666666667,0.31385,0.40817777777777775,0.24339,0.457356,0.7985570811973574,similarity_score
SUPPLY_CHAIN_ATTACKS,Supply Chain Attacks,PD-WRL-003,"Responsible for investigating, analyzing, and responding to network cybersecurity incidents.",PD,10,20,0.5,4,96,0.041666666666666664,0.41569,0.4406,0.4100076923076923,0.3275692307692308,0.4209076923076923,0.207845,0.383138,0.6689702616250647,similarity_score
SUPPLY_CHAIN_ATTACKS,Supply Chain Attacks,OG-WRL-001,Responsible for managing the Communications Security (COMSEC) resources of an organization.,OG,9,20,0.45,3,96,0.03125,0.39797777777777776,0.4422,0.39092727272727273,0.3185454545454545,0.4600181818181818,0.17909,0.34163600000000005,0.5965065441186743,similarity_score
SUPPLY_CHAIN_ATTACKS,Supply Chain Attacks,OG-WRL-012,"Responsible for conducting independent comprehensive assessments of management, operational, and technical security controls and control enhancements employed within or inherited by a system to determine their overall effectiveness.",OG,8,20,0.4,3,96,0.03125,0.4262125,0.4585,0.41852500000000004,0.4316583333333333,0.40478333333333333,0.170485,0.30819399999999997,0.5381158246148259,similarity_score
SUPPLY_CHAIN_ATTACKS,Supply Chain Attacks,OG-WRL-008,"Responsible for developing and overseeing an organization’s privacy compliance program and staff, including establishing and managing privacy-related governance, policy, and incident response needs.",OG,8,20,0.4,16,96,0.16666666666666666,0.3908,0.4471,0.3698807692307692,0.31907692307692304,0.4018038461538461,0.15632,0.302528,0.528222821304354,similarity_score
SUPPLY_CHAIN_ATTACKS,Supply Chain Attacks,OG-WRL-010,"Responsible for leading, coordinating, and the overall success of a defined program. Includes communicating about the program and ensuring alignment with agency or organizational priorities.",OG,7,20,0.35,10,96,0.10416666666666667,0.4292142857142857,0.49,0.42775,0.3742142857142857,0.37315,0.150225,0.27009,0.4715851154474725,similarity_score
SUPPLY_CHAIN_ATTACKS,Supply Chain Attacks,OG-WRL-011,"Responsible for overseeing and directly managing technology projects. Ensures cybersecurity is built into projects to protect the organization’s critical infrastructure and assets, reduce risk, and meet organizational goals. Tracks and communicates project status and demonstrates project value to the organization.",OG,7,20,0.35,10,96,0.10416666666666667,0.4292142857142857,0.49,0.42775,0.3742142857142857,0.37315,0.150225,0.27009,0.4715851154474725,similarity_score
SUPPLY_CHAIN_ATTACKS,Supply Chain Attacks,OG-WRL-009,"Responsible for planning, estimating costs, budgeting, developing, implementing, and managing product support strategies in order to field and maintain the readiness and operational capability of systems and components.",OG,7,20,0.35,9,96,0.09375,0.42891428571428575,0.49,0.4267692307692308,0.37495384615384614,0.3744692307692308,0.15012,0.270048,0.4715117822072608,similarity_score
SUPPLY_CHAIN_ATTACKS,Supply Chain Attacks,PD-WRL-001,Responsible for analyzing data collected from various cybersecurity defense tools to mitigate risks.,PD,7,20,0.35,5,96,0.052083333333333336,0.4069428571428571,0.4406,0.40444444444444444,0.35417777777777776,0.4287444444444445,0.14243,0.266972,0.4661409953765139,similarity_score
SUPPLY_CHAIN_ATTACKS,Supply Chain Attacks,OG-WRL-007,"Responsible for establishing vision and direction for an organization's cybersecurity operations and resources and their impact on digital and physical spaces. Possesses authority to make and execute decisions that impact an organization broadly, including policy approval and stakeholder engagement.",OG,7,20,0.35,5,96,0.052083333333333336,0.39868571428571425,0.4484,0.39509,0.33515,0.48845,0.13954,0.265816,0.4641225852411617,similarity_score
SUPPLY_CHAIN_ATTACKS,Supply Chain Attacks,OG-WRL-016,Responsible for conducting evaluations of technology programs or their individual components to determine compliance with published standards.,OG,6,20,0.3,6,96,0.0625,0.4305333333333334,0.49,0.430125,0.383,0.3923125,0.12916,0.23166399999999998,0.4044921847718289,similarity_score
SUPPLY_CHAIN_ATTACKS,Supply Chain Attacks,OG-WRL-013,"Responsible for operating an information system at an acceptable level of risk to organizational operations, organizational assets, individuals, other organizations, and the nation.",OG,6,20,0.3,1,96,0.010416666666666666,0.42838333333333334,0.4585,0.42838333333333334,0.4447666666666667,0.4151666666666667,0.128515,0.231406,0.4040417091533853,similarity_score
SUPPLY_CHAIN_ATTACKS,Supply Chain Attacks,OG-WRL-015,Responsible for managing a portfolio of technology investments that align with the overall needs of mission and enterprise priorities.,OG,6,20,0.3,6,96,0.0625,0.4190833333333333,0.4405,0.41789000000000004,0.39674,0.41201999999999994,0.125725,0.23029,0.4020931401991871,similarity_score
SUPPLY_CHAIN_ATTACKS,Supply Chain Attacks,PD-WRL-007,"Responsible for assessing systems and networks to identify deviations from acceptable configurations, enclave policy, or local policy. Measure effectiveness of defense-in-depth architecture against known vulnerabilities.",PD,6,20,0.3,2,96,0.020833333333333332,0.41745000000000004,0.4389,0.4184571428571428,0.4089285714285714,0.41290000000000004,0.125235,0.230094,0.4017509184115322,similarity_score
SUPPLY_CHAIN_ATTACKS,Supply Chain Attacks,OG-WRL-003,"Responsible for developing cybersecurity workforce plans, assessments, strategies, and guidance, including cybersecurity-related staff training, education, and hiring processes. Makes adjustments in response to or in anticipation of changes to cybersecurity-related policy, technology, and staffing needs and requirements.Authors mandated workforce planning strategies to maintain compliance with legislation, regulation, and policy.",OG,6,20,0.3,5,96,0.052083333333333336,0.39999999999999997,0.4328,0.40295714285714285,0.36595714285714287,0.43822857142857147,0.12,0.22799999999999998,0.3980947325781174,similarity_score
SUPPLY_CHAIN_ATTACKS,Supply Chain Attacks,DD-WRL-008,Responsible for conducting software and systems engineering and software systems research to develop new capabilities with fully integrated cybersecurity. Conducts comprehensive technology research to evaluate potential vulnerabilities in cyberspace systems.,DD,5,20,0.25,3,96,0.03125,0.40454,0.4346,0.40148333333333336,0.3401666666666667,0.3691166666666667,0.101135,0.190454,0.3325383078878631,similarity_score
SUPPLY_CHAIN_ATTACKS,Supply Chain Attacks,DD-WRL-009,"Responsible for working within the engineering department to design and create systems, processes, and procedures that maintain the safety, reliability, controllability and security of industrial systems in the face of intentional and incidental cyber events. Interfaces with Chief Information Security Officer, plant managers and industrial cybersecurity technicians.",DD,5,20,0.25,3,96,0.03125,0.39934,0.4346,0.3979166666666667,0.33441666666666664,0.3968,0.099835,0.189934,0.3316303725328603,similarity_score
SUPPLY_CHAIN_ATTACKS,Supply Chain Attacks,IN-WRL-002,"Responsible for identifying, collecting, examining, and preserving digital evidence using controlled and documented analytical and investigative techniques.",IN,5,20,0.25,2,96,0.020833333333333332,0.39144,0.418,0.39116666666666666,0.3055,0.37166666666666665,0.09786,0.189144,0.3302510092050677,similarity_score
SUPPLY_CHAIN_ATTACKS,Supply Chain Attacks,OG-WRL-017,"Responsible for developing cybersecurity supply chain risk management (C-SCRM) policies, processes, and procedures to identify, assess, protect against, and respond to cybersecurity risks throughout the supply chain, and for advising other stakeholders within an enterprise about supply chain risks.",OG,4,20,0.2,13,96,0.13541666666666666,0.433175,0.49,0.42665333333333333,0.36788666666666664,0.34942,0.08663499999999999,0.15465399999999999,0.27003045075498316,similarity_score
SUPPLY_CHAIN_ATTACKS,Supply Chain Attacks,OG-WRL-002,"Responsible for developing and maintaining cybersecurity plans, strategy, and policy to support and align with organizational cybersecurity initiatives and regulatory compliance.",OG,4,20,0.2,3,96,0.03125,0.413175,0.4328,0.41468,0.3839,0.44593999999999995,0.082635,0.153054,0.26723680350882095,similarity_score
SUPPLY_CHAIN_ATTACKS,Supply Chain Attacks,PD-WRL-002,Responsible for analyzing digital evidence from computer security incidents to derive useful information in support of system and network vulnerability mitigation.,PD,4,20,0.2,1,96,0.010416666666666666,0.3912,0.418,0.3912,0.31275000000000003,0.3692,0.07824,0.15129599999999999,0.26416728359710023,similarity_score
SUPPLY_CHAIN_ATTACKS,Supply Chain Attacks,DD-WRL-001,"Responsible for ensuring that security requirements are adequately addressed in all aspects of enterprise architecture, including reference models, segment and solution architectures, and the resulting systems that protect and support organizational mission and business processes.",DD,3,20,0.15,2,96,0.020833333333333332,0.40700000000000003,0.4321,0.40700000000000003,0.34099999999999997,0.4173,0.06105000000000001,0.11442,0.1997806986911763,similarity_score
SUPPLY_CHAIN_ATTACKS,Supply Chain Attacks,PD-WRL-004,"Responsible for testing, implementing, deploying, maintaining, and administering infrastructure hardware and software for cybersecurity.",PD,3,20,0.15,3,96,0.03125,0.39376666666666665,0.4072,0.392775,0.362275,0.395125,0.059065,0.113626,0.1983943512452683,similarity_score
SUPPLY_CHAIN_ATTACKS,Supply Chain Attacks,DD-WRL-004,"Responsible for the secure design, development, and testing of systems and the evaluation of system security throughout the systems development life cycle.",DD,3,20,0.15,2,96,0.020833333333333332,0.391,0.4224,0.391,0.3272333333333333,0.41983333333333334,0.05865,0.11346,0.19810451034347898,similarity_score
SUPPLY_CHAIN_ATTACKS,Supply Chain Attacks,IO-WRL-004,"Responsible for planning, implementing, and operating network services and systems, including hardware and virtual environments.",IO,2,20,0.1,2,96,0.020833333333333332,0.4326,0.4492,0.42696666666666666,0.29696666666666666,0.2667,0.04326,0.077304,0.134975066698328,similarity_score
SUPPLY_CHAIN_ATTACKS,Supply Chain Attacks,DD-WRL-002,"Responsible for developing and maintaining business, systems, and information processes to support enterprise mission needs. Develops technology rules and requirements that describe baseline and target architectures.",DD,2,20,0.1,1,96,0.010416666666666666,0.39444999999999997,0.4224,0.39444999999999997,0.31584999999999996,0.4459,0.039444999999999994,0.075778,0.1323106256373008,similarity_score
SUPPLY_CHAIN_ATTACKS,Supply Chain Attacks,IO-WRL-005,"Responsible for setting up and maintaining a system or specific components of a system in adherence with organizational security policies and procedures. Includes hardware and software installation, configuration, and updates; user account management; backup and recovery management; and security control implementation.",IO,2,20,0.1,3,96,0.03125,0.38939999999999997,0.391,0.3894333333333333,0.3438666666666667,0.3054666666666667,0.038939999999999995,0.075576,0.13195792767247283,similarity_score
SUPPLY_CHAIN_ATTACKS,Supply Chain Attacks,DD-WRL-007,"Responsible for planning, preparing, and executing system tests; evaluating test results against specifications and requirements; and reporting test results and findings.",DD,1,20,0.05,1,96,0.010416666666666666,0.4864,0.4864,0.4864,0.4121,0.2668,0.02432,0.039728,0.0693662611222081,similarity_score
SUPPLY_CHAIN_ATTACKS,Supply Chain Attacks,DD-WRL-003,"Responsible for developing, creating, modifying, and maintaining computer applications, software, or specialized utility programs.",DD,1,20,0.05,1,96,0.010416666666666666,0.4579,0.4579,0.4579,0.4455,0.3833,0.022895,0.039158,0.06837102429076282,similarity_score
SUPPLY_CHAIN_ATTACKS,Supply Chain Attacks,DD-WRL-005,"Responsible for analyzing the security of new or existing computer applications, software, or specialized utility programs and delivering actionable results.",DD,1,20,0.05,1,96,0.010416666666666666,0.4579,0.4579,0.4579,0.4455,0.3833,0.022895,0.039158,0.06837102429076282,similarity_score
SUPPLY_CHAIN_ATTACKS,Supply Chain Attacks,DD-WRL-006,Responsible for consulting with internal and external customers to evaluate and translate functional requirements and integrating security policies into technical solutions.,DD,1,20,0.05,2,96,0.020833333333333332,0.4382,0.4382,0.43625,0.28385,0.24864999999999998,0.02191,0.038764,0.06768308865639537,similarity_score
SUPPLY_CHAIN_ATTACKS,Supply Chain Attacks,IO-WRL-007,Responsible for providing technical support to customers who need assistance utilizing client-level hardware and software in accordance with established or approved organizational policies and processes.,IO,1,20,0.05,1,96,0.010416666666666666,0.3878,0.3878,0.3878,0.3687,0.2478,0.019389999999999998,0.037756,0.06592309089131317,similarity_score
SUPPLY_CHAIN_ATTACKS,Supply Chain Attacks,IO-WRL-006,"Responsible for developing and analyzing the integration, testing, operations, and maintenance of systems security. Prepares, performs, and manages the security aspects of implementing and operating a system.",IO,1,20,0.05,1,96,0.010416666666666666,0.3818,0.3818,0.3818,0.3584,0.4228,0.01909,0.037636,0.065713567347851,similarity_score
SUPPLY_CHAIN_ATTACKS,Supply Chain Attacks,OG-WRL-004,"Responsible for developing, planning, coordinating, and evaluating cybersecurity awareness, training, or education content, methods, and techniques based on instructional needs and requirements.",OG,1,20,0.05,2,96,0.020833333333333332,0.341,0.341,0.3329,0.295,0.36785,0.017050000000000003,0.03682,0.06428880725230826,similarity_score
SUPPLY_CHAIN_ATTACKS,Supply Chain Attacks,OG-WRL-005,"Responsible for developing and conducting cybersecurity awareness, training, or education.",OG,1,20,0.05,2,96,0.020833333333333332,0.341,0.341,0.3329,0.295,0.36785,0.017050000000000003,0.03682,0.06428880725230826,similarity_score
THREATS_AGAINST_AVAILABILITY_DDOS,Threats Against Availability (DDoS),PD-WRL-001,Responsible for analyzing data collected from various cybersecurity defense tools to mitigate risks.,PD,7,7,1.0,8,49,0.16326530612244897,0.40850000000000003,0.454,0.39672666666666667,0.3121,0.3185,0.40850000000000003,0.7634,1.0,similarity_score
THREATS_AGAINST_AVAILABILITY_DDOS,Threats Against Availability (DDoS),OG-WRL-014,"Responsible for managing the cybersecurity of a program, organization, system, or enclave.",OG,6,7,0.8571428571428571,5,49,0.10204081632653061,0.41373333333333334,0.4484,0.4083,0.34245,0.39685,0.35462857142857146,0.6561371428571429,0.8594932445076537,similarity_score
THREATS_AGAINST_AVAILABILITY_DDOS,Threats Against Availability (DDoS),PD-WRL-003,"Responsible for investigating, analyzing, and responding to network cybersecurity incidents.",PD,6,7,0.8571428571428571,5,49,0.10204081632653061,0.40581666666666666,0.454,0.38927777777777783,0.2876888888888889,0.28455555555555556,0.3478428571428571,0.6534228571428571,0.855937722220143,similarity_score
THREATS_AGAINST_AVAILABILITY_DDOS,Threats Against Availability (DDoS),PD-WRL-005,Responsible for identifying and assessing the capabilities and activities of cybersecurity insider threats; produces findings to help initialize and support law enforcement and counterintelligence activities and investigations.,PD,5,7,0.7142857142857143,2,49,0.04081632653061224,0.41888000000000003,0.454,0.4122166666666667,0.31385,0.32761666666666667,0.2992,0.5482514285714286,0.7181705902166998,similarity_score
THREATS_AGAINST_AVAILABILITY_DDOS,Threats Against Availability (DDoS),IN-WRL-001,"Responsible for investigating cyberspace intrusion incidents and crimes. Applies tactics, techniques, and procedures for a full range of investigative tools and processes and appropriately balances the benefits of prosecution versus intelligence gathering.",IN,4,7,0.5714285714285714,2,49,0.04081632653061224,0.4706,0.5223,0.4538,0.33326666666666666,0.3624,0.2689142857142857,0.4504228571428571,0.5900220816647329,similarity_score
THREATS_AGAINST_AVAILABILITY_DDOS,Threats Against Availability (DDoS),OG-WRL-012,"Responsible for conducting independent comprehensive assessments of management, operational, and technical security controls and control enhancements employed within or inherited by a system to determine their overall effectiveness.",OG,4,7,0.5714285714285714,5,49,0.10204081632653061,0.39775,0.4601,0.39525000000000005,0.3353333333333333,0.3606,0.22728571428571429,0.43377142857142853,0.5682098880946143,similarity_score
THREATS_AGAINST_AVAILABILITY_DDOS,Threats Against Availability (DDoS),PD-WRL-006,"Responsible for collecting, processing, analyzing, and disseminating cybersecurity threat assessments. Develops cybersecurity indicators to maintain awareness of the status of the highly dynamic operating environment.",PD,4,7,0.5714285714285714,3,49,0.061224489795918366,0.3925,0.4112,0.3925,0.320175,0.348225,0.22428571428571428,0.4325714285714285,0.5666379729780305,similarity_score
THREATS_AGAINST_AVAILABILITY_DDOS,Threats Against Availability (DDoS),DD-WRL-004,"Responsible for the secure design, development, and testing of systems and the evaluation of system security throughout the systems development life cycle.",DD,4,7,0.5714285714285714,3,49,0.061224489795918366,0.3792,0.4109,0.3792,0.22555,0.262575,0.2166857142857143,0.4295314285714285,0.5626557880160185,similarity_score
THREATS_AGAINST_AVAILABILITY_DDOS,Threats Against Availability (DDoS),IN-WRL-002,"Responsible for identifying, collecting, examining, and preserving digital evidence using controlled and documented analytical and investigative techniques.",IN,3,7,0.42857142857142855,9,49,0.1836734693877551,0.43903333333333333,0.4623,0.39435454545454546,0.19894545454545456,0.1822909090909091,0.18815714285714286,0.33240571428571425,0.4354279726037651,similarity_score
THREATS_AGAINST_AVAILABILITY_DDOS,Threats Against Availability (DDoS),PD-WRL-002,Responsible for analyzing digital evidence from computer security incidents to derive useful information in support of system and network vulnerability mitigation.,PD,3,7,0.42857142857142855,8,49,0.16326530612244897,0.43903333333333333,0.4623,0.40475000000000005,0.22044999999999998,0.20857,0.18815714285714286,0.33240571428571425,0.4354279726037651,similarity_score
THREATS_AGAINST_AVAILABILITY_DDOS,Threats Against Availability (DDoS),IO-WRL-006,"Responsible for developing and analyzing the integration, testing, operations, and maintenance of systems security. Prepares, performs, and manages the security aspects of implementing and operating a system.",IO,3,7,0.42857142857142855,4,49,0.08163265306122448,0.3939333333333333,0.4355,0.39483999999999997,0.33872,0.37376,0.1688285714285714,0.3246742857142857,0.4253003480669187,similarity_score
THREATS_AGAINST_AVAILABILITY_DDOS,Threats Against Availability (DDoS),OG-WRL-007,"Responsible for establishing vision and direction for an organization's cybersecurity operations and resources and their impact on digital and physical spaces. Possesses authority to make and execute decisions that impact an organization broadly, including policy approval and stakeholder engagement.",OG,3,7,0.42857142857142855,2,49,0.04081632653061224,0.3937,0.4484,0.4057,0.35664999999999997,0.435425,0.16872857142857142,0.3246342857142857,0.4252479508963659,similarity_score
THREATS_AGAINST_AVAILABILITY_DDOS,Threats Against Availability (DDoS),DD-WRL-008,Responsible for conducting software and systems engineering and software systems research to develop new capabilities with fully integrated cybersecurity. Conducts comprehensive technology research to evaluate potential vulnerabilities in cyberspace systems.,DD,3,7,0.42857142857142855,3,49,0.061224489795918366,0.3909666666666667,0.4009,0.38645999999999997,0.29278,0.3176,0.16755714285714288,0.3241657142857143,0.42463415546989036,similarity_score
THREATS_AGAINST_AVAILABILITY_DDOS,Threats Against Availability (DDoS),DD-WRL-009,"Responsible for working within the engineering department to design and create systems, processes, and procedures that maintain the safety, reliability, controllability and security of industrial systems in the face of intentional and incidental cyber events. Interfaces with Chief Information Security Officer, plant managers and industrial cybersecurity technicians.",DD,3,7,0.42857142857142855,3,49,0.061224489795918366,0.37223333333333336,0.4109,0.37785,0.29975,0.2959,0.15952857142857144,0.3209542857142857,0.4204274112055092,similarity_score
THREATS_AGAINST_AVAILABILITY_DDOS,Threats Against Availability (DDoS),OG-WRL-013,"Responsible for operating an information system at an acceptable level of risk to organizational operations, organizational assets, individuals, other organizations, and the nation.",OG,2,7,0.2857142857142857,1,49,0.02040816326530612,0.42565,0.4601,0.42565,0.4197,0.4098,0.1216142857142857,0.2200742857142857,0.28828174707137244,similarity_score
THREATS_AGAINST_AVAILABILITY_DDOS,Threats Against Availability (DDoS),PD-WRL-007,"Responsible for assessing systems and networks to identify deviations from acceptable configurations, enclave policy, or local policy. Measure effectiveness of defense-in-depth architecture against known vulnerabilities.",PD,2,7,0.2857142857142857,2,49,0.04081632653061224,0.4016,0.4243,0.4016,0.311,0.2649,0.11474285714285715,0.21732571428571426,0.28468131292338783,similarity_score
THREATS_AGAINST_AVAILABILITY_DDOS,Threats Against Availability (DDoS),OG-WRL-009,"Responsible for planning, estimating costs, budgeting, developing, implementing, and managing product support strategies in order to field and maintain the readiness and operational capability of systems and components.",OG,2,7,0.2857142857142857,2,49,0.04081632653061224,0.36224999999999996,0.3866,0.36224999999999996,0.2942,0.29000000000000004,0.1035,0.2128285714285714,0.2787903738912384,similarity_score
THREATS_AGAINST_AVAILABILITY_DDOS,Threats Against Availability (DDoS),OG-WRL-011,"Responsible for overseeing and directly managing technology projects. Ensures cybersecurity is built into projects to protect the organization’s critical infrastructure and assets, reduce risk, and meet organizational goals. Tracks and communicates project status and demonstrates project value to the organization.",OG,2,7,0.2857142857142857,2,49,0.04081632653061224,0.36224999999999996,0.3866,0.36224999999999996,0.2942,0.29000000000000004,0.1035,0.2128285714285714,0.2787903738912384,similarity_score
THREATS_AGAINST_AVAILABILITY_DDOS,Threats Against Availability (DDoS),OG-WRL-016,Responsible for conducting evaluations of technology programs or their individual components to determine compliance with published standards.,OG,2,7,0.2857142857142857,2,49,0.04081632653061224,0.36224999999999996,0.3866,0.36224999999999996,0.2942,0.29000000000000004,0.1035,0.2128285714285714,0.2787903738912384,similarity_score
THREATS_AGAINST_AVAILABILITY_DDOS,Threats Against Availability (DDoS),IO-WRL-004,"Responsible for planning, implementing, and operating network services and systems, including hardware and virtual environments.",IO,1,7,0.14285714285714285,1,49,0.02040816326530612,0.416,0.416,0.416,0.3383,0.3336,0.05942857142857143,0.10948571428571427,0.1434185411130656,similarity_score
THREATS_AGAINST_AVAILABILITY_DDOS,Threats Against Availability (DDoS),PD-WRL-004,"Responsible for testing, implementing, deploying, maintaining, and administering infrastructure hardware and software for cybersecurity.",PD,1,7,0.14285714285714285,2,49,0.04081632653061224,0.4072,0.4072,0.39849999999999997,0.38465,0.4319,0.058171428571428575,0.10898285714285713,0.14275983382611623,similarity_score
THREATS_AGAINST_AVAILABILITY_DDOS,Threats Against Availability (DDoS),DD-WRL-003,"Responsible for developing, creating, modifying, and maintaining computer applications, software, or specialized utility programs.",DD,1,7,0.14285714285714285,2,49,0.04081632653061224,0.3933,0.3933,0.3887,0.34104999999999996,0.32899999999999996,0.05618571428571428,0.10818857142857141,0.1417193757251394,similarity_score
THREATS_AGAINST_AVAILABILITY_DDOS,Threats Against Availability (DDoS),DD-WRL-005,"Responsible for analyzing the security of new or existing computer applications, software, or specialized utility programs and delivering actionable results.",DD,1,7,0.14285714285714285,2,49,0.04081632653061224,0.3933,0.3933,0.3887,0.34104999999999996,0.32899999999999996,0.05618571428571428,0.10818857142857141,0.1417193757251394,similarity_score
THREATS_AGAINST_AVAILABILITY_DDOS,Threats Against Availability (DDoS),IO-WRL-005,"Responsible for setting up and maintaining a system or specific components of a system in adherence with organizational security policies and procedures. Includes hardware and software installation, configuration, and updates; user account management; backup and recovery management; and security control implementation.",IO,1,7,0.14285714285714285,2,49,0.04081632653061224,0.391,0.391,0.39025,0.33145,0.33430000000000004,0.05585714285714286,0.10805714285714285,0.1415472135933231,similarity_score
THREATS_AGAINST_AVAILABILITY_DDOS,Threats Against Availability (DDoS),OG-WRL-002,"Responsible for developing and maintaining cybersecurity plans, strategy, and policy to support and align with organizational cybersecurity initiatives and regulatory compliance.",OG,1,7,0.14285714285714285,1,49,0.02040816326530612,0.3866,0.3866,0.3866,0.3562,0.3855,0.055228571428571425,0.10780571428571427,0.1412178599498484,similarity_score
THREATS_AGAINST_AVAILABILITY_DDOS,Threats Against Availability (DDoS),OG-WRL-003,"Responsible for developing cybersecurity workforce plans, assessments, strategies, and guidance, including cybersecurity-related staff training, education, and hiring processes. Makes adjustments in response to or in anticipation of changes to cybersecurity-related policy, technology, and staffing needs and requirements.Authors mandated workforce planning strategies to maintain compliance with legislation, regulation, and policy.",OG,1,7,0.14285714285714285,1,49,0.02040816326530612,0.3866,0.3866,0.3866,0.3562,0.3855,0.055228571428571425,0.10780571428571427,0.1412178599498484,similarity_score
THREATS_AGAINST_AVAILABILITY_DDOS,Threats Against Availability (DDoS),OG-WRL-010,"Responsible for leading, coordinating, and the overall success of a defined program. Includes communicating about the program and ensuring alignment with agency or organizational priorities.",OG,1,7,0.14285714285714285,1,49,0.02040816326530612,0.3866,0.3866,0.3866,0.3562,0.3855,0.055228571428571425,0.10780571428571427,0.1412178599498484,similarity_score
THREATS_AGAINST_AVAILABILITY_DDOS,Threats Against Availability (DDoS),OG-WRL-015,Responsible for managing a portfolio of technology investments that align with the overall needs of mission and enterprise priorities.,OG,1,7,0.14285714285714285,1,49,0.02040816326530612,0.3866,0.3866,0.3866,0.3562,0.3855,0.055228571428571425,0.10780571428571427,0.1412178599498484,similarity_score
THREATS_AGAINST_AVAILABILITY_DDOS,Threats Against Availability (DDoS),OG-WRL-008,"Responsible for developing and overseeing an organization’s privacy compliance program and staff, including establishing and managing privacy-related governance, policy, and incident response needs.",OG,1,7,0.14285714285714285,1,49,0.02040816326530612,0.3789,0.3789,0.3789,0.1738,0.188,0.05412857142857143,0.10736571428571427,0.14064149107376772,similarity_score
THREATS_AGAINST_AVAILABILITY_INTERNET_THREATS,Threats Against Availability - Internet Threats,PD-WRL-001,Responsible for analyzing data collected from various cybersecurity defense tools to mitigate risks.,PD,4,4,1.0,8,32,0.25,0.452025,0.5117,0.4277166666666667,0.27955,0.3137083333333333,0.452025,0.78081,1.0,similarity_score
THREATS_AGAINST_AVAILABILITY_INTERNET_THREATS,Threats Against Availability - Internet Threats,PD-WRL-005,Responsible for identifying and assessing the capabilities and activities of cybersecurity insider threats; produces findings to help initialize and support law enforcement and counterintelligence activities and investigations.,PD,4,4,1.0,4,32,0.125,0.415625,0.454,0.41406666666666664,0.28783333333333333,0.32358333333333333,0.415625,0.76625,0.9813526978394231,similarity_score
THREATS_AGAINST_AVAILABILITY_INTERNET_THREATS,Threats Against Availability - Internet Threats,IN-WRL-001,"Responsible for investigating cyberspace intrusion incidents and crimes. Applies tactics, techniques, and procedures for a full range of investigative tools and processes and appropriately balances the benefits of prosecution versus intelligence gathering.",IN,3,4,0.75,2,32,0.0625,0.4774333333333333,0.5223,0.44051999999999997,0.34658,0.35912,0.358075,0.5932299999999999,0.7597622981263046,similarity_score
THREATS_AGAINST_AVAILABILITY_INTERNET_THREATS,Threats Against Availability - Internet Threats,PD-WRL-003,"Responsible for investigating, analyzing, and responding to network cybersecurity incidents.",PD,3,4,0.75,2,32,0.0625,0.4192666666666667,0.454,0.409175,0.279675,0.3008,0.31445,0.57578,0.7374137114022618,similarity_score
THREATS_AGAINST_AVAILABILITY_INTERNET_THREATS,Threats Against Availability - Internet Threats,IN-WRL-002,"Responsible for identifying, collecting, examining, and preserving digital evidence using controlled and documented analytical and investigative techniques.",IN,3,4,0.75,3,32,0.09375,0.39563333333333334,0.4287,0.39574,0.27376,0.28138,0.296725,0.5686899999999999,0.7283333973693983,similarity_score
THREATS_AGAINST_AVAILABILITY_INTERNET_THREATS,Threats Against Availability - Internet Threats,PD-WRL-002,Responsible for analyzing digital evidence from computer security incidents to derive useful information in support of system and network vulnerability mitigation.,PD,3,4,0.75,4,32,0.125,0.39563333333333334,0.4287,0.39293333333333336,0.2571,0.26581666666666665,0.296725,0.5686899999999999,0.7283333973693983,similarity_score
THREATS_AGAINST_AVAILABILITY_INTERNET_THREATS,Threats Against Availability - Internet Threats,PD-WRL-007,"Responsible for assessing systems and networks to identify deviations from acceptable configurations, enclave policy, or local policy. Measure effectiveness of defense-in-depth architecture against known vulnerabilities.",PD,2,4,0.5,2,32,0.0625,0.4147,0.4505,0.4147,0.2737,0.35629999999999995,0.20735,0.38294,0.49043941547879766,similarity_score
THREATS_AGAINST_AVAILABILITY_INTERNET_THREATS,Threats Against Availability - Internet Threats,OG-WRL-012,"Responsible for conducting independent comprehensive assessments of management, operational, and technical security controls and control enhancements employed within or inherited by a system to determine their overall effectiveness.",OG,2,4,0.5,2,32,0.0625,0.4143,0.4497,0.4143,0.2714,0.27175,0.20715,0.38286,0.4903369577746186,similarity_score
THREATS_AGAINST_AVAILABILITY_INTERNET_THREATS,Threats Against Availability - Internet Threats,DD-WRL-004,"Responsible for the secure design, development, and testing of systems and the evaluation of system security throughout the systems development life cycle.",DD,2,4,0.5,2,32,0.0625,0.4071,0.4353,0.4071,0.24675,0.3294,0.20355,0.38142,0.48849271909939673,similarity_score
THREATS_AGAINST_AVAILABILITY_INTERNET_THREATS,Threats Against Availability - Internet Threats,DD-WRL-008,Responsible for conducting software and systems engineering and software systems research to develop new capabilities with fully integrated cybersecurity. Conducts comprehensive technology research to evaluate potential vulnerabilities in cyberspace systems.,DD,2,4,0.5,3,32,0.09375,0.38580000000000003,0.3927,0.3816,0.25120000000000003,0.26563333333333333,0.19290000000000002,0.37716,0.48303684635186533,similarity_score
THREATS_AGAINST_AVAILABILITY_INTERNET_THREATS,Threats Against Availability - Internet Threats,OG-WRL-014,"Responsible for managing the cybersecurity of a program, organization, system, or enclave.",OG,2,4,0.5,3,32,0.09375,0.3543,0.3787,0.3440666666666667,0.32383333333333336,0.4223333333333333,0.17715,0.37085999999999997,0.4749683021477696,similarity_score
THREATS_AGAINST_AVAILABILITY_INTERNET_THREATS,Threats Against Availability - Internet Threats,DD-WRL-003,"Responsible for developing, creating, modifying, and maintaining computer applications, software, or specialized utility programs.",DD,1,4,0.25,1,32,0.03125,0.4837,0.4837,0.4837,0.3417,0.3894,0.120925,0.19837,0.254056684724837,similarity_score
THREATS_AGAINST_AVAILABILITY_INTERNET_THREATS,Threats Against Availability - Internet Threats,DD-WRL-005,"Responsible for analyzing the security of new or existing computer applications, software, or specialized utility programs and delivering actionable results.",DD,1,4,0.25,1,32,0.03125,0.4837,0.4837,0.4837,0.3417,0.3894,0.120925,0.19837,0.254056684724837,similarity_score
THREATS_AGAINST_AVAILABILITY_INTERNET_THREATS,Threats Against Availability - Internet Threats,DD-WRL-009,"Responsible for working within the engineering department to design and create systems, processes, and procedures that maintain the safety, reliability, controllability and security of industrial systems in the face of intentional and incidental cyber events. Interfaces with Chief Information Security Officer, plant managers and industrial cybersecurity technicians.",DD,1,4,0.25,1,32,0.03125,0.4353,0.4353,0.4353,0.3197,0.4708,0.108825,0.19353,0.24785799362200792,similarity_score
THREATS_AGAINST_AVAILABILITY_INTERNET_THREATS,Threats Against Availability - Internet Threats,IO-WRL-005,"Responsible for setting up and maintaining a system or specific components of a system in adherence with organizational security policies and procedures. Includes hardware and software installation, configuration, and updates; user account management; backup and recovery management; and security control implementation.",IO,1,4,0.25,2,32,0.0625,0.4061,0.4061,0.3972,0.31889999999999996,0.39375000000000004,0.101525,0.19061,0.24411828741947464,similarity_score
THREATS_AGAINST_AVAILABILITY_INTERNET_THREATS,Threats Against Availability - Internet Threats,IO-WRL-007,Responsible for providing technical support to customers who need assistance utilizing client-level hardware and software in accordance with established or approved organizational policies and processes.,IO,1,4,0.25,2,32,0.0625,0.4061,0.4061,0.39585000000000004,0.3123,0.36360000000000003,0.101525,0.19061,0.24411828741947464,similarity_score
THREATS_AGAINST_AVAILABILITY_INTERNET_THREATS,Threats Against Availability - Internet Threats,OG-WRL-004,"Responsible for developing, planning, coordinating, and evaluating cybersecurity awareness, training, or education content, methods, and techniques based on instructional needs and requirements.",OG,1,4,0.25,1,32,0.03125,0.3927,0.3927,0.3927,0.2818,0.317,0.098175,0.18927,0.2424021208744765,similarity_score
THREATS_AGAINST_AVAILABILITY_INTERNET_THREATS,Threats Against Availability - Internet Threats,DD-WRL-001,"Responsible for ensuring that security requirements are adequately addressed in all aspects of enterprise architecture, including reference models, segment and solution architectures, and the resulting systems that protect and support organizational mission and business processes.",DD,1,4,0.25,1,32,0.03125,0.3896,0.3896,0.3896,0.299,0.4109,0.0974,0.18896,0.2420050972707829,similarity_score
THREATS_AGAINST_AVAILABILITY_INTERNET_THREATS,Threats Against Availability - Internet Threats,DD-WRL-007,"Responsible for planning, preparing, and executing system tests; evaluating test results against specifications and requirements; and reporting test results and findings.",DD,1,4,0.25,1,32,0.03125,0.3856,0.3856,0.3856,0.2918,0.3846,0.0964,0.18856,0.24149280874988793,similarity_score
THREATS_AGAINST_AVAILABILITY_INTERNET_THREATS,Threats Against Availability - Internet Threats,IO-WRL-004,"Responsible for planning, implementing, and operating network services and systems, including hardware and virtual environments.",IO,1,4,0.25,2,32,0.0625,0.3856,0.3856,0.38380000000000003,0.29695,0.4041,0.0964,0.18856,0.24149280874988793,similarity_score
THREATS_AGAINST_AVAILABILITY_INTERNET_THREATS,Threats Against Availability - Internet Threats,OG-WRL-008,"Responsible for developing and overseeing an organization’s privacy compliance program and staff, including establishing and managing privacy-related governance, policy, and incident response needs.",OG,1,4,0.25,1,32,0.03125,0.3789,0.3789,0.3789,0.1738,0.188,0.094725,0.18789,0.24063472547738887,similarity_score
THREATS_AGAINST_AVAILABILITY_INTERNET_THREATS,Threats Against Availability - Internet Threats,PD-WRL-006,"Responsible for collecting, processing, analyzing, and disseminating cybersecurity threat assessments. Develops cybersecurity indicators to maintain awareness of the status of the highly dynamic operating environment.",PD,1,4,0.25,2,32,0.0625,0.3708,0.3708,0.35355000000000003,0.3473,0.45899999999999996,0.0927,0.18708,0.23959734122257656,similarity_score
THREATS_AGAINST_AVAILABILITY_INTERNET_THREATS,Threats Against Availability - Internet Threats,PD-WRL-004,"Responsible for testing, implementing, deploying, maintaining, and administering infrastructure hardware and software for cybersecurity.",PD,1,4,0.25,1,32,0.03125,0.3309,0.3309,0.3309,0.421,0.4606,0.082725,0.18309,0.23448726322664926,similarity_score
THREATS_AGAINST_AVAILABILITY_INTERNET_THREATS,Threats Against Availability - Internet Threats,OG-WRL-007,"Responsible for establishing vision and direction for an organization's cybersecurity operations and resources and their impact on digital and physical spaces. Possesses authority to make and execute decisions that impact an organization broadly, including policy approval and stakeholder engagement.",OG,1,4,0.25,1,32,0.03125,0.3299,0.3299,0.3299,0.3163,0.4554,0.082475,0.18298999999999999,0.2343591910964255,similarity_score
THREATS_AGAINST_AVAILABILITY_INTERNET_THREATS,Threats Against Availability - Internet Threats,OG-WRL-002,"Responsible for developing and maintaining cybersecurity plans, strategy, and policy to support and align with organizational cybersecurity initiatives and regulatory compliance.",OG,1,4,0.25,1,32,0.03125,0.3226,0.3226,0.3226,0.4083,0.439,0.08065,0.18226,0.2334242645457922,similarity_score
THREATS_AGAINST_AVAILABILITY_INTERNET_THREATS,Threats Against Availability - Internet Threats,OG-WRL-003,"Responsible for developing cybersecurity workforce plans, assessments, strategies, and guidance, including cybersecurity-related staff training, education, and hiring processes. Makes adjustments in response to or in anticipation of changes to cybersecurity-related policy, technology, and staffing needs and requirements.Authors mandated workforce planning strategies to maintain compliance with legislation, regulation, and policy.",OG,1,4,0.25,1,32,0.03125,0.3226,0.3226,0.3226,0.4083,0.439,0.08065,0.18226,0.2334242645457922,similarity_score
THREATS_AGAINST_AVAILABILITY_INTERNET_THREATS,Threats Against Availability - Internet Threats,OG-WRL-009,"Responsible for planning, estimating costs, budgeting, developing, implementing, and managing product support strategies in order to field and maintain the readiness and operational capability of systems and components.",OG,1,4,0.25,1,32,0.03125,0.3226,0.3226,0.3226,0.4083,0.439,0.08065,0.18226,0.2334242645457922,similarity_score
THREATS_AGAINST_AVAILABILITY_INTERNET_THREATS,Threats Against Availability - Internet Threats,OG-WRL-010,"Responsible for leading, coordinating, and the overall success of a defined program. Includes communicating about the program and ensuring alignment with agency or organizational priorities.",OG,1,4,0.25,1,32,0.03125,0.3226,0.3226,0.3226,0.4083,0.439,0.08065,0.18226,0.2334242645457922,similarity_score
THREATS_AGAINST_AVAILABILITY_INTERNET_THREATS,Threats Against Availability - Internet Threats,OG-WRL-011,"Responsible for overseeing and directly managing technology projects. Ensures cybersecurity is built into projects to protect the organization’s critical infrastructure and assets, reduce risk, and meet organizational goals. Tracks and communicates project status and demonstrates project value to the organization.",OG,1,4,0.25,1,32,0.03125,0.3226,0.3226,0.3226,0.4083,0.439,0.08065,0.18226,0.2334242645457922,similarity_score
THREATS_AGAINST_AVAILABILITY_INTERNET_THREATS,Threats Against Availability - Internet Threats,OG-WRL-015,Responsible for managing a portfolio of technology investments that align with the overall needs of mission and enterprise priorities.,OG,1,4,0.25,1,32,0.03125,0.3226,0.3226,0.3226,0.4083,0.439,0.08065,0.18226,0.2334242645457922,similarity_score
THREATS_AGAINST_AVAILABILITY_INTERNET_THREATS,Threats Against Availability - Internet Threats,OG-WRL-016,Responsible for conducting evaluations of technology programs or their individual components to determine compliance with published standards.,OG,1,4,0.25,1,32,0.03125,0.3226,0.3226,0.3226,0.4083,0.439,0.08065,0.18226,0.2334242645457922,similarity_score
